{
    "DE_TransE": {
        "HIT1": 0.20846879063719115,
        "HIT3": 0.31136215864759426,
        "HIT10": 0.3783322496749025,
        "MR": 1310.9370123537062,
        "MRR": 0.2738267665604459
    },
    "DE_SimplE": {
        "HIT1": 0.16458062418725616,
        "HIT3": 0.2136703511053316,
        "HIT10": 0.34062093628088425,
        "MR": 1763.2556079323797,
        "MRR": 0.20998638404736464
    }
}