{
    "DE_TransE": {
        "HIT1": 0.20846879063719115,
        "HIT3": 0.31136215864759426,
        "HIT10": 0.3783322496749025,
        "MR": 1310.9370123537062,
        "MRR": 0.2738267665604459
    },
    "DE_SimplE": {
        "HIT1": 0.16458062418725616,
        "HIT3": 0.2136703511053316,
        "HIT10": 0.34062093628088425,
        "MR": 1763.2556079323797,
        "MRR": 0.20998638404736464
    },
    "TERO": {
        "HIT1": 0.1525520156046814,
        "HIT3": 0.2585338101430429,
        "HIT10": 0.4288849154746424,
        "MR": 858.7186280884265,
        "MRR": 0.2404236294233677
    },
    "ATISE": {
        "HIT1": 0.22561768530559168,
        "HIT3": 0.2883615084525358,
        "HIT10": 0.38166449934980495,
        "MR": 970.540799739922,
        "MRR": 0.27762847632940946
    }
}