{
    "DE_TransE": {
        "MP": 863.6894197952219,
        "MRP": 0.009144323808668902
    },
    "DE_SimplE": {
        "MP": 814.932228181375,
        "MRP": 0.007701330700419027
    },
    "DE_DistMult": {
        "MP": 791.5070697220868,
        "MRP": 0.007662951715058514
    },
    "TERO": {
        "MP": 452.65178123432014,
        "MRP": 0.011309223079570828
    },
    "ATISE": {
        "MP": 337.0897123354461,
        "MRP": 0.04105989857278801
    },
    "TimePlex": {
        "MP": 148.2745002437835,
        "MRP": 0.18160507383803853
    },
    "AVG": {
        "MP": 389.755241345685,
        "MRP": 0.008732594225548562
    }
}