{
    "DE_TransE": {
        "HIT1": 0.23293515358361774,
        "HIT3": 0.3289858605558264,
        "HIT10": 0.4007801072647489,
        "MR": 653.9701365187714,
        "MRR": 0.29715272905565693
    },
    "DE_SimplE": {
        "HIT1": 0.20733788395904437,
        "HIT3": 0.2545099951243296,
        "HIT10": 0.36201852754753777,
        "MR": 1213.0810580204777,
        "MRR": 0.251087935990342
    }
}