{
    "DE_TransE": {
        "HIT1": 0.23293515358361774,
        "HIT3": 0.3289858605558264,
        "HIT10": 0.4007801072647489,
        "MR": 653.9701365187714,
        "MRR": 0.29715272905565693
    },
    "DE_SimplE": {
        "HIT1": 0.20733788395904437,
        "HIT3": 0.2545099951243296,
        "HIT10": 0.36201852754753777,
        "MR": 1213.0810580204777,
        "MRR": 0.251087935990342
    },
    "DE_DistMult": {
        "HIT1": 0.19039492930277913,
        "HIT3": 0.2463432471964895,
        "HIT10": 0.3553144807411019,
        "MR": 1230.224037055095,
        "MRR": 0.2382027551850705
    },
    "TERO": {
        "HIT1": 0.18576304241833252,
        "HIT3": 0.36006825938566556,
        "HIT10": 0.5086543149683082,
        "MR": 490.19112627986345,
        "MRR": 0.30174611969814097
    },
    "ATISE": {
        "HIT1": 0.25658215504631887,
        "HIT3": 0.35446123842028276,
        "HIT10": 0.4539249146757679,
        "MR": 661.8439785470503,
        "MRR": 0.32459928635534574
    },
    "TimePlex": {
        "HIT1": 0.11295303104176824,
        "HIT3": 0.18917601170160897,
        "HIT10": 0.3050544449861856,
        "MR": 472.438160247034,
        "MRR": 0.18095051063029574
    },
    "ensemble_naive_voting": {
        "HIT1": 0.2439054119941492,
        "HIT3": 0.3191126279863481,
        "HIT10": 0.38603120429058996,
        "MR": 764.5636274987811,
        "MRR": 0.2946188240450098
    },
    "ensemble_decision_tree": {
        "HIT1": 0.3082642613359337,
        "HIT3": 0.3999268649439298,
        "HIT10": 0.5118235007313505,
        "MR": 267.6060458313018,
        "MRR": 0.3784640920629632
    }
}