{
    "DE_TransE": {
        "HIT1": 0.23293515358361774,
        "HIT3": 0.3289858605558264,
        "HIT10": 0.4007801072647489,
        "MR": 653.9701365187714,
        "MRR": 0.29715272905565693
    },
    "DE_SimplE": {
        "HIT1": 0.20733788395904437,
        "HIT3": 0.2545099951243296,
        "HIT10": 0.36201852754753777,
        "MR": 1213.0810580204777,
        "MRR": 0.251087935990342
    },
    "DE_DistMult": {
        "HIT1": 0.19039492930277913,
        "HIT3": 0.2463432471964895,
        "HIT10": 0.3553144807411019,
        "MR": 1230.224037055095,
        "MRR": 0.2382027551850705
    },
    "TERO": {
        "HIT1": 0.18576304241833252,
        "HIT3": 0.36006825938566556,
        "HIT10": 0.5086543149683082,
        "MR": 490.19112627986345,
        "MRR": 0.30174611969814097
    },
    "ATISE": {
        "HIT1": 0.25658215504631887,
        "HIT3": 0.35446123842028276,
        "HIT10": 0.4539249146757679,
        "MR": 661.8439785470503,
        "MRR": 0.32459928635534574
    },
    "TimePlex": {
        "HIT1": 0.11295303104176824,
        "HIT3": 0.18917601170160897,
        "HIT10": 0.3050544449861856,
        "MR": 472.438160247034,
        "MRR": 0.18095051063029574
    },
    "ensemble_naive_voting": {
        "HIT1": 0.2439054119941492,
        "HIT3": 0.3191126279863481,
        "HIT10": 0.38603120429058996,
        "MR": 764.5636274987811,
        "MRR": 0.2946188240450098
    },
    "ensemble_decision_tree": {
        "HIT1": 0.3082642613359337,
        "HIT3": 0.3999268649439298,
        "HIT10": 0.5118235007313505,
        "MR": 267.6060458313018,
        "MRR": 0.3784640920629632
    },
    "ablation_overall": {
        "HIT1": 0.3149683081423696,
        "HIT3": 0.39956118966357873,
        "HIT10": 0.5182837640175524,
        "MR": 267.6294490492443,
        "MRR": 0.38333906947767316
    },
    "ablation_property": {
        "HIT1": 0.30704534373476355,
        "HIT3": 0.40114578254509997,
        "HIT10": 0.5113359336908825,
        "MR": 270.0186494392979,
        "MRR": 0.37753722305451226
    },
    "ablation_false_property": {
        "HIT1": 0.3047294002925402,
        "HIT3": 0.3987079473427596,
        "HIT10": 0.5070697220867869,
        "MR": 272.01048269137004,
        "MRR": 0.3749116411167558
    },
    "ablation_time_density": {
        "HIT1": 0.3076548025353486,
        "HIT3": 0.40187713310580203,
        "HIT10": 0.5127986348122867,
        "MR": 270.7771818625061,
        "MRR": 0.3789097320787989
    },
    "ablation_target": {
        "HIT1": 0.2901023890784983,
        "HIT3": 0.3993174061433447,
        "HIT10": 0.5086543149683082,
        "MR": 265.21647976596785,
        "MRR": 0.36846591774389026
    },
    "ablation_no_property": {
        "HIT1": 0.302779132130668,
        "HIT3": 0.39553876157971724,
        "HIT10": 0.5051194539249146,
        "MR": 283.43247196489517,
        "MRR": 0.3723125423596322
    },
    "ablation_one_forth_property": {
        "HIT1": 0.3050950755728913,
        "HIT3": 0.39822038030229157,
        "HIT10": 0.507679180887372,
        "MR": 274.0664310092638,
        "MRR": 0.37519065605628293
    },
    "ablation_only_property": {
        "HIT1": 0.3000975134080936,
        "HIT3": 0.3993174061433447,
        "HIT10": 0.5180399804973184,
        "MR": 263.25914188200875,
        "MRR": 0.37541781616269215
    },
    "ablation_only_target": {
        "HIT1": 0.3265480253534861,
        "HIT3": 0.40784982935153585,
        "HIT10": 0.5180399804973184,
        "MR": 309.60409556313994,
        "MRR": 0.39129304132046355
    },
    "ablation_only_overall": {
        "HIT1": 0.26084836665041444,
        "HIT3": 0.37774256460263284,
        "HIT10": 0.47903461725987323,
        "MR": 402.9928083861531,
        "MRR": 0.3432979085501176
    },
    "ablation_only_time_density": {
        "HIT1": 0.28705509507557286,
        "HIT3": 0.38091175036567526,
        "HIT10": 0.4787908337396392,
        "MR": 275.99963432471964,
        "MRR": 0.35618652424484964
    }
}