{
    "DE_TransE": {
        "HIT1": 0.23293515358361774,
        "HIT3": 0.3289858605558264,
        "HIT10": 0.4007801072647489,
        "MR": 653.9701365187714,
        "MRR": 0.29715272905565693
    },
    "DE_SimplE": {
        "HIT1": 0.20733788395904437,
        "HIT3": 0.2545099951243296,
        "HIT10": 0.36201852754753777,
        "MR": 1213.0810580204777,
        "MRR": 0.251087935990342
    },
    "DE_DistMult": {
        "HIT1": 0.19039492930277913,
        "HIT3": 0.2463432471964895,
        "HIT10": 0.3553144807411019,
        "MR": 1230.224037055095,
        "MRR": 0.2382027551850705
    },
    "TERO": {
        "HIT1": 0.19027303754266212,
        "HIT3": 0.35470502194051684,
        "HIT10": 0.49951243295953196,
        "MR": 462.2284251584593,
        "MRR": 0.30056391853985026
    },
    "ATISE": {
        "HIT1": 0.25195026816187227,
        "HIT3": 0.3196001950268162,
        "HIT10": 0.45124329595319357,
        "MR": 616.336421257923,
        "MRR": 0.3144034015795592
    }
}