{
    "DE_TransE": 863.6894197952219,
    "DE_SimplE": 814.932228181375,
    "DE_DistMult": 791.5070697220868,
    "TERO": {
        "BEST": 358.1413944417357,
        "WORST": 642.2891272549975
    },
    "ATISE": {
        "BEST": 94.56606533398342,
        "WORST": 579.4256460263286
    }
}