{
    "DE_TransE": 863.6894197952219,
    "DE_SimplE": 814.932228181375,
    "DE_DistMult": 791.5070697220868
}