{
    "dense": {
        "DE_TransE": {
            "HIT1": 0.32559638942617664,
            "HIT3": 0.4010315925209542,
            "HIT10": 0.4951644100580271,
            "MR": 140.535138620245,
            "MRR": 0.3867630888548985
        },
        "DE_SimplE": {
            "HIT1": 0.3152804642166344,
            "HIT3": 0.3546099290780142,
            "HIT10": 0.45325596389426176,
            "MR": 501.52417794970984,
            "MRR": 0.3588596681917441
        },
        "DE_DistMult": {
            "HIT1": 0.2869116698903933,
            "HIT3": 0.34558349451966475,
            "HIT10": 0.4558349451966473,
            "MR": 600.5918762088975,
            "MRR": 0.33969800702331737
        },
        "TERO": {
            "HIT1": 0.2546744036105738,
            "HIT3": 0.3771760154738878,
            "HIT10": 0.498388136686009,
            "MR": 179.27466150870407,
            "MRR": 0.34274708982089325
        },
        "ATISE": {
            "HIT1": 0.36879432624113473,
            "HIT3": 0.4081237911025145,
            "HIT10": 0.49258542875564154,
            "MR": 211.68600902643456,
            "MRR": 0.4104917072270909
        },
        "TimePlex": {
            "HIT1": 0.0851063829787234,
            "HIT3": 0.14958091553836234,
            "HIT10": 0.2688588007736944,
            "MR": 275.90522243713735,
            "MRR": 0.1483263323252568
        }
    },
    "dense_time_predictions": {
        "DE_TransE": {
            "HIT1": 0.0,
            "HIT3": 0.0,
            "HIT10": 0.009671179883945842,
            "MR": 1917.05415860735,
            "MRR": 0.0037639701852224022
        },
        "DE_SimplE": {
            "HIT1": 0.0,
            "HIT3": 0.0,
            "HIT10": 0.0019342359767891683,
            "MR": 1458.164410058027,
            "MRR": 0.002670333721686212
        },
        "DE_DistMult": {
            "HIT1": 0.0019342359767891683,
            "HIT3": 0.0019342359767891683,
            "HIT10": 0.005802707930367505,
            "MR": 1428.4468085106382,
            "MRR": 0.004354291997629269
        },
        "TERO": {
            "HIT1": 0.13346228239845262,
            "HIT3": 0.2804642166344294,
            "HIT10": 0.5609284332688588,
            "MR": 300.27659574468083,
            "MRR": 0.2528660059963714
        },
        "ATISE": {
            "HIT1": 0.07736943907156674,
            "HIT3": 0.18762088974854932,
            "HIT10": 0.38878143133462284,
            "MR": 910.6537717601548,
            "MRR": 0.1633931466921748
        },
        "TimePlex": {
            "HIT1": 0.045454545454545456,
            "HIT3": 0.11702127659574468,
            "HIT10": 0.27176015473887816,
            "MR": 68.30077369439071,
            "MRR": 0.12432807956384039
        }
    },
    "dense_head_relation_tail_predictions": {
        "DE_TransE": {
            "HIT1": 0.32559638942617664,
            "HIT3": 0.4010315925209542,
            "HIT10": 0.4951644100580271,
            "MR": 140.535138620245,
            "MRR": 0.3867630888548985
        },
        "DE_SimplE": {
            "HIT1": 0.3152804642166344,
            "HIT3": 0.3546099290780142,
            "HIT10": 0.45325596389426176,
            "MR": 501.52417794970984,
            "MRR": 0.3588596681917441
        },
        "DE_DistMult": {
            "HIT1": 0.2869116698903933,
            "HIT3": 0.34558349451966475,
            "HIT10": 0.4558349451966473,
            "MR": 600.5918762088975,
            "MRR": 0.33969800702331737
        },
        "TERO": {
            "HIT1": 0.2546744036105738,
            "HIT3": 0.3771760154738878,
            "HIT10": 0.498388136686009,
            "MR": 179.27466150870407,
            "MRR": 0.34274708982089325
        },
        "ATISE": {
            "HIT1": 0.36879432624113473,
            "HIT3": 0.4081237911025145,
            "HIT10": 0.49258542875564154,
            "MR": 211.68600902643456,
            "MRR": 0.4104917072270909
        },
        "TimePlex": {
            "HIT1": 0.10735009671179883,
            "HIT3": 0.18085106382978725,
            "HIT10": 0.2852998065764023,
            "MR": 360.6411992263056,
            "MRR": 0.17201812521915036
        }
    },
    "sparse": {
        "DE_TransE": {
            "HIT1": 0.27466666666666667,
            "HIT3": 0.4573333333333333,
            "HIT10": 0.5406666666666666,
            "MR": 416.95,
            "MRR": 0.3807289514426467
        },
        "DE_SimplE": {
            "HIT1": 0.18866666666666668,
            "HIT3": 0.2806666666666667,
            "HIT10": 0.4706666666666667,
            "MR": 1973.7206666666666,
            "MRR": 0.2618427234035633
        },
        "DE_DistMult": {
            "HIT1": 0.182,
            "HIT3": 0.2733333333333333,
            "HIT10": 0.454,
            "MR": 1978.9546666666668,
            "MRR": 0.25511060505216976
        },
        "TERO": {
            "HIT1": 0.13,
            "HIT3": 0.39266666666666666,
            "HIT10": 0.5133333333333333,
            "MR": 805.8933333333333,
            "MRR": 0.28393711205798344
        },
        "ATISE": {
            "HIT1": 0.226,
            "HIT3": 0.31533333333333335,
            "HIT10": 0.518,
            "MR": 785.204,
            "MRR": 0.3146373395762445
        },
        "TimePlex": {
            "HIT1": 0.11666666666666667,
            "HIT3": 0.16866666666666666,
            "HIT10": 0.264,
            "MR": 753.4406666666666,
            "MRR": 0.16725582083938867
        }
    },
    "sparse_time_predictions": {
        "DE_TransE": {
            "HIT1": 0.002,
            "HIT3": 0.008,
            "HIT10": 0.01,
            "MR": 1822.902,
            "MRR": 0.006562469247537611
        },
        "DE_SimplE": {
            "HIT1": 0.002,
            "HIT3": 0.006,
            "HIT10": 0.01,
            "MR": 1384.722,
            "MRR": 0.006347088288289614
        },
        "DE_DistMult": {
            "HIT1": 0.0,
            "HIT3": 0.0,
            "HIT10": 0.004,
            "MR": 1376.554,
            "MRR": 0.0033141882990118895
        },
        "TERO": {
            "HIT1": 0.134,
            "HIT3": 0.18,
            "HIT10": 0.272,
            "MR": 484.56,
            "MRR": 0.17979431253415484
        },
        "ATISE": {
            "HIT1": 0.058,
            "HIT3": 0.07,
            "HIT10": 0.112,
            "MR": 1182.936,
            "MRR": 0.07688769352228204
        },
        "TimePlex": {
            "HIT1": 0.016,
            "HIT3": 0.035,
            "HIT10": 0.1,
            "MR": 112.341,
            "MRR": 0.05118499537255987
        }
    },
    "sparse_head_relation_tail_predictions": {
        "DE_TransE": {
            "HIT1": 0.27466666666666667,
            "HIT3": 0.4573333333333333,
            "HIT10": 0.5406666666666666,
            "MR": 416.95,
            "MRR": 0.3807289514426467
        },
        "DE_SimplE": {
            "HIT1": 0.18866666666666668,
            "HIT3": 0.2806666666666667,
            "HIT10": 0.4706666666666667,
            "MR": 1973.7206666666666,
            "MRR": 0.2618427234035633
        },
        "DE_DistMult": {
            "HIT1": 0.182,
            "HIT3": 0.2733333333333333,
            "HIT10": 0.454,
            "MR": 1978.9546666666668,
            "MRR": 0.25511060505216976
        },
        "TERO": {
            "HIT1": 0.13,
            "HIT3": 0.39266666666666666,
            "HIT10": 0.5133333333333333,
            "MR": 805.8933333333333,
            "MRR": 0.28393711205798344
        },
        "ATISE": {
            "HIT1": 0.226,
            "HIT3": 0.31533333333333335,
            "HIT10": 0.518,
            "MR": 785.204,
            "MRR": 0.3146373395762445
        },
        "TimePlex": {
            "HIT1": 0.166,
            "HIT3": 0.237,
            "HIT10": 0.349,
            "MR": 1061.986,
            "MRR": 0.2260012900549853
        }
    }
}