{
    "dense": {
        "DE_TransE": {
            "HIT1": 0.32559638942617664,
            "HIT3": 0.4010315925209542,
            "HIT10": 0.4951644100580271,
            "MR": 140.535138620245,
            "MRR": 0.3867630888548985
        },
        "DE_SimplE": {
            "HIT1": 0.3152804642166344,
            "HIT3": 0.3546099290780142,
            "HIT10": 0.45325596389426176,
            "MR": 501.52417794970984,
            "MRR": 0.3588596681917441
        },
        "DE_DistMult": {
            "HIT1": 0.2869116698903933,
            "HIT3": 0.34558349451966475,
            "HIT10": 0.4558349451966473,
            "MR": 600.5918762088975,
            "MRR": 0.33969800702331737
        },
        "TERO": {
            "HIT1": 0.2546744036105738,
            "HIT3": 0.3771760154738878,
            "HIT10": 0.498388136686009,
            "MR": 179.27466150870407,
            "MRR": 0.34274708982089325
        },
        "ATISE": {
            "HIT1": 0.36879432624113473,
            "HIT3": 0.4081237911025145,
            "HIT10": 0.49258542875564154,
            "MR": 211.68600902643456,
            "MRR": 0.4104917072270909
        },
        "TimePlex": {
            "HIT1": 0.0851063829787234,
            "HIT3": 0.14958091553836234,
            "HIT10": 0.2688588007736944,
            "MR": 275.90522243713735,
            "MRR": 0.1483263323252568
        }
    },
    "sparse": {
        "DE_TransE": {
            "HIT1": 0.27466666666666667,
            "HIT3": 0.4573333333333333,
            "HIT10": 0.5406666666666666,
            "MR": 416.95,
            "MRR": 0.3807289514426467
        },
        "DE_SimplE": {
            "HIT1": 0.18866666666666668,
            "HIT3": 0.2806666666666667,
            "HIT10": 0.4706666666666667,
            "MR": 1973.7206666666666,
            "MRR": 0.2618427234035633
        },
        "DE_DistMult": {
            "HIT1": 0.182,
            "HIT3": 0.2733333333333333,
            "HIT10": 0.454,
            "MR": 1978.9546666666668,
            "MRR": 0.25511060505216976
        },
        "TERO": {
            "HIT1": 0.13,
            "HIT3": 0.39266666666666666,
            "HIT10": 0.5133333333333333,
            "MR": 805.8933333333333,
            "MRR": 0.28393711205798344
        },
        "ATISE": {
            "HIT1": 0.226,
            "HIT3": 0.31533333333333335,
            "HIT10": 0.518,
            "MR": 785.204,
            "MRR": 0.3146373395762445
        },
        "TimePlex": {
            "HIT1": 0.11666666666666667,
            "HIT3": 0.16866666666666666,
            "HIT10": 0.264,
            "MR": 753.4406666666666,
            "MRR": 0.16725582083938867
        }
    },
    "no_of_facts": {
        "dense": 2068,
        "sparse": 2000,
        "none": 4136
    }
}