{
    "sparse": {
        "DE_TransE": {
            "HIT1": 0.3873092369477912,
            "HIT3": 0.5040963855421686,
            "HIT10": 0.645140562248996,
            "MR": 112.79277108433735,
            "MRR": 0.474313484922704
        },
        "DE_SimplE": {
            "HIT1": 0.3654618473895582,
            "HIT3": 0.4806425702811245,
            "HIT10": 0.6204016064257029,
            "MR": 349.27582329317266,
            "MRR": 0.4502202738613097
        },
        "DE_DistMult": {
            "HIT1": 0.35052208835341364,
            "HIT3": 0.47244979919678715,
            "HIT10": 0.5975903614457831,
            "MR": 419.2252208835341,
            "MRR": 0.4356576786028857
        }
    },
    "dense": {
        "DE_TransE": {
            "HIT1": 0.37021475256769376,
            "HIT3": 0.451291627762216,
            "HIT10": 0.5837223778400249,
            "MR": 128.35185185185185,
            "MRR": 0.43961467470981547
        },
        "DE_SimplE": {
            "HIT1": 0.3445378151260504,
            "HIT3": 0.43635231870525987,
            "HIT10": 0.568316215375039,
            "MR": 291.6868969810146,
            "MRR": 0.41862087074672577
        },
        "DE_DistMult": {
            "HIT1": 0.32975412387177094,
            "HIT3": 0.42359165888577655,
            "HIT10": 0.5476190476190477,
            "MR": 356.99097416744473,
            "MRR": 0.4023420804233099
        }
    }
}