{
    "facts_in_class": 22347,
    "facts_not_in_class": 4542,
    "inverse": {
        "DE_TransE": {
            "HIT1": 0.08708103996062111,
            "HIT3": 0.35588669620083235,
            "HIT10": 0.5496934711594398,
            "MR": 132.95167136528394,
            "MRR": 0.2527599741456222
        },
        "DE_SimplE": {
            "HIT1": 0.2815590459569517,
            "HIT3": 0.4378663802747572,
            "HIT10": 0.5777061798004206,
            "MR": 154.37123551259677,
            "MRR": 0.38415048067491864
        },
        "TERO": {
            "HIT1": 0.33342283080502977,
            "HIT3": 0.4986351635566295,
            "HIT10": 0.6116704703092137,
            "MR": 158.99941826643396,
            "MRR": 0.4349154466009101
        },
        "ATISE": {
            "HIT1": 0.3198192151071732,
            "HIT3": 0.4652973553497114,
            "HIT10": 0.6273772765919363,
            "MR": 196.37575513491743,
            "MRR": 0.42284388348439944
        },
        "DE_DistMult": {
            "HIT1": 0.2712668367118629,
            "HIT3": 0.4254709804448024,
            "HIT10": 0.563028594442207,
            "MR": 181.30496263480558,
            "MRR": 0.3725466483220908
        },
        "TFLEX": {
            "HIT1": 0.15921600214793932,
            "HIT3": 0.2517116391461941,
            "HIT10": 0.33420593368237345,
            "MR": 214.4801315612834,
            "MRR": 0.22398117814980464
        }
    },
    "not inverse": {
        "DE_TransE": {
            "HIT1": 0.06010568031704095,
            "HIT3": 0.2468075737560546,
            "HIT10": 0.4081902245706737,
            "MR": 275.5237780713342,
            "MRR": 0.18289312323679058
        },
        "DE_SimplE": {
            "HIT1": 0.16930867459269044,
            "HIT3": 0.2842360193747248,
            "HIT10": 0.40708938793483046,
            "MR": 293.3463232056363,
            "MRR": 0.25186219902872353
        },
        "TERO": {
            "HIT1": 0.1554381329810656,
            "HIT3": 0.2758696609423162,
            "HIT10": 0.40797005724350505,
            "MR": 323.24680757375603,
            "MRR": 0.24100922893370613
        },
        "ATISE": {
            "HIT1": 0.17855570233377366,
            "HIT3": 0.3044914134742404,
            "HIT10": 0.44627917217084984,
            "MR": 389.5669308674593,
            "MRR": 0.2683357111865236
        },
        "DE_DistMult": {
            "HIT1": 0.1635843240863056,
            "HIT3": 0.261558784676354,
            "HIT10": 0.3890356671070013,
            "MR": 366.0539409951563,
            "MRR": 0.2387191212162245
        },
        "TFLEX": {
            "HIT1": 0.1449801849405548,
            "HIT3": 0.23282694848084545,
            "HIT10": 0.3180317040951123,
            "MR": 293.9293262879789,
            "MRR": 0.20853681229229395
        }
    }
}