{
    "symmetric": {
        "DE_TransE": {
            "HIT1": 0.038123902683722094,
            "HIT3": 0.4073238023576624,
            "HIT10": 0.6413343365939302,
            "MR": 78.34938550288437,
            "MRR": 0.2571028872094992
        },
        "DE_SimplE": {
            "HIT1": 0.3501379483320793,
            "HIT3": 0.5595685979433158,
            "HIT10": 0.7298720842738902,
            "MR": 78.58966641585151,
            "MRR": 0.4806944732570447
        },
        "TERO": {
            "HIT1": 0.4923501379483321,
            "HIT3": 0.7153248056182594,
            "HIT10": 0.8201655379984951,
            "MR": 77.57010283421118,
            "MRR": 0.6164820626319532
        },
        "ATISE": {
            "HIT1": 0.4434411838475044,
            "HIT3": 0.6104840732380236,
            "HIT10": 0.7950840230749937,
            "MR": 94.6433408577878,
            "MRR": 0.5604935006105998
        },
        "DE_DistMult": {
            "HIT1": 0.3513920240782543,
            "HIT3": 0.5583145221971407,
            "HIT10": 0.7198394783044896,
            "MR": 100.75119137195887,
            "MRR": 0.4789556860412666
        },
        "TFLEX": {
            "HIT1": 0.09668924003009782,
            "HIT3": 0.18961625282167044,
            "HIT10": 0.2806621519939804,
            "MR": 239.43002257336343,
            "MRR": 0.16374368165377454
        }
    },
    "not symmetric": {
        "DE_TransE": {
            "HIT1": 0.09025412627718103,
            "HIT3": 0.32529910051523886,
            "HIT10": 0.5056763601432189,
            "MR": 170.73273076587196,
            "MRR": 0.2381476943790695
        },
        "DE_SimplE": {
            "HIT1": 0.2473583093179635,
            "HIT3": 0.3862108112828574,
            "HIT10": 0.5173783949000087,
            "MR": 195.12601519517946,
            "MRR": 0.34110732838856617
        },
        "TERO": {
            "HIT1": 0.27045672866998516,
            "HIT3": 0.41673216312985767,
            "HIT10": 0.5349751113439875,
            "MR": 205.74949786044886,
            "MRR": 0.3648504680505458
        },
        "ATISE": {
            "HIT1": 0.2702820714348092,
            "HIT3": 0.4081302942974413,
            "HIT10": 0.5622653043402323,
            "MR": 252.40062003318488,
            "MRR": 0.36823794766834433
        },
        "DE_DistMult": {
            "HIT1": 0.23596192472273164,
            "HIT3": 0.36983669548511044,
            "HIT10": 0.5012226006462318,
            "MR": 231.96856169766832,
            "MRR": 0.3274808260576058
        },
        "TFLEX": {
            "HIT1": 0.16727796698978256,
            "HIT3": 0.2587765260675923,
            "HIT10": 0.34031962274037203,
            "MR": 225.8932407649987,
            "MRR": 0.2314049223120987
        }
    }
}