{
    "facts_in_class": 1308,
    "facts_not_in_class": 25581,
    "inverse": {
        "DE_TransE": {
            "HIT1": 0.15902140672782875,
            "HIT3": 0.4510703363914373,
            "HIT10": 0.6674311926605505,
            "MR": 50.08639143730887,
            "MRR": 0.34208114693404934
        },
        "DE_SimplE": {
            "HIT1": 0.36314984709480125,
            "HIT3": 0.5680428134556575,
            "HIT10": 0.7362385321100917,
            "MR": 63.22477064220183,
            "MRR": 0.48967999825011366
        },
        "TERO": {
            "HIT1": 0.5382262996941896,
            "HIT3": 0.7293577981651376,
            "HIT10": 0.8211009174311926,
            "MR": 44.75382262996942,
            "MRR": 0.6453943520451233
        },
        "ATISE": {
            "HIT1": 0.43654434250764523,
            "HIT3": 0.595565749235474,
            "HIT10": 0.8256880733944955,
            "MR": 61.157492354740064,
            "MRR": 0.5600050034011296
        },
        "DE_DistMult": {
            "HIT1": 0.3149847094801223,
            "HIT3": 0.5091743119266054,
            "HIT10": 0.7056574923547401,
            "MR": 69.29587155963303,
            "MRR": 0.4433389423918849
        },
        "TFLEX": {
            "HIT1": 0.0676605504587156,
            "HIT3": 0.14564220183486237,
            "HIT10": 0.24770642201834864,
            "MR": 279.4552752293578,
            "MRR": 0.12975124306965524
        }
    },
    "not inverse": {
        "DE_TransE": {
            "HIT1": 0.07861303311051171,
            "HIT3": 0.3316523982643368,
            "HIT10": 0.5185489230288104,
            "MR": 162.50291231773582,
            "MRR": 0.23578771618716696
        },
        "DE_SimplE": {
            "HIT1": 0.25745670614909505,
            "HIT3": 0.4039326062311872,
            "HIT10": 0.5393065165552559,
            "MR": 183.707243657402,
            "MRR": 0.35526630944528453
        },
        "TERO": {
            "HIT1": 0.2913490481216528,
            "HIT3": 0.44728509440600445,
            "HIT10": 0.564794183182831,
            "MR": 194.00371369375708,
            "MRR": 0.38972454519105926
        },
        "ATISE": {
            "HIT1": 0.2887690082483093,
            "HIT3": 0.4300848285837145,
            "HIT10": 0.5850826785504867,
            "MR": 237.5914936867206,
            "MRR": 0.38839711191847265
        },
        "DE_DistMult": {
            "HIT1": 0.24991204409522694,
            "HIT3": 0.39208787772174664,
            "HIT10": 0.5248426566592392,
            "MR": 219.83503381415895,
            "MRR": 0.3451653517051471
        },
        "TFLEX": {
            "HIT1": 0.161369766623666,
            "HIT3": 0.2537821039052422,
            "HIT10": 0.3357570071537469,
            "MR": 225.264336812478,
            "MRR": 0.22605711127829958
        }
    }
}