{
    "reflexive": {},
    "not reflexive": {
        "DE_TransE": {
            "HIT1": 0.08252445237829596,
            "HIT3": 0.3374614154486965,
            "HIT10": 0.525791215738778,
            "MR": 157.03447506415262,
            "MRR": 0.24095829922918682
        },
        "DE_SimplE": {
            "HIT1": 0.2625980884376511,
            "HIT3": 0.4119156532411023,
            "HIT10": 0.5488861616274313,
            "MR": 177.8464427832943,
            "MRR": 0.3618047863301382
        },
        "TERO": {
            "HIT1": 0.3033582505857414,
            "HIT3": 0.4610063594778534,
            "HIT10": 0.5772620774294321,
            "MR": 186.74353824984195,
            "MRR": 0.40216145646947155
        },
        "ATISE": {
            "HIT1": 0.2959574547212615,
            "HIT3": 0.4381345531630035,
            "HIT10": 0.5967867901372308,
            "MR": 229.0089627728811,
            "MRR": 0.39674487948362575
        },
        "DE_DistMult": {
            "HIT1": 0.2530774666220387,
            "HIT3": 0.39778348023355276,
            "HIT10": 0.5336382907508647,
            "MR": 212.5121425118078,
            "MRR": 0.34994094977939194
        },
        "TFLEX": {
            "HIT1": 0.1568113354903492,
            "HIT3": 0.2485217003235524,
            "HIT10": 0.33147383688497156,
            "MR": 227.9004239651902,
            "MRR": 0.22137236749396744
        }
    }
}