{
    "facts_in_class": 1407,
    "facts_not_in_class": 25482,
    "anti-symmetric": {
        "DE_TransE": {
            "HIT1": 0.19331911869225302,
            "HIT3": 0.4115138592750533,
            "HIT10": 0.5479744136460555,
            "MR": 145.59275053304904,
            "MRR": 0.3252763677038344
        },
        "DE_SimplE": {
            "HIT1": 0.32409381663113007,
            "HIT3": 0.4193319118692253,
            "HIT10": 0.5053304904051172,
            "MR": 190.07107320540158,
            "MRR": 0.3901385622543799
        },
        "TERO": {
            "HIT1": 0.334044065387349,
            "HIT3": 0.4427860696517413,
            "HIT10": 0.5394456289978679,
            "MR": 172.7320540156361,
            "MRR": 0.408767440343203
        },
        "ATISE": {
            "HIT1": 0.33972992181947403,
            "HIT3": 0.4207533759772566,
            "HIT10": 0.5287846481876333,
            "MR": 270.87491115849326,
            "MRR": 0.4044264800403957
        },
        "DE_DistMult": {
            "HIT1": 0.29850746268656714,
            "HIT3": 0.410092395167022,
            "HIT10": 0.5060412224591329,
            "MR": 217.8550106609808,
            "MRR": 0.3739522822679284
        },
        "TFLEX": {
            "HIT1": 0.23134328358208955,
            "HIT3": 0.30383795309168443,
            "HIT10": 0.35714285714285715,
            "MR": 217.13113006396588,
            "MRR": 0.28190914106509757
        }
    },
    "not anti-symmetric": {
        "DE_TransE": {
            "HIT1": 0.07640687544148811,
            "HIT3": 0.33337257672082254,
            "HIT10": 0.5245663605682442,
            "MR": 157.66623498940427,
            "MRR": 0.23630263945586513
        },
        "DE_SimplE": {
            "HIT1": 0.2592025743662193,
            "HIT3": 0.4115061612118358,
            "HIT10": 0.5512911074483949,
            "MR": 177.17145435994036,
            "MRR": 0.3602403242500226
        },
        "TERO": {
            "HIT1": 0.3016639196295424,
            "HIT3": 0.4620124009104466,
            "HIT10": 0.5793501295031788,
            "MR": 187.51718860372029,
            "MRR": 0.4017967041223075
        },
        "ATISE": {
            "HIT1": 0.29354053841927635,
            "HIT3": 0.43909426261674905,
            "HIT10": 0.600541558747351,
            "MR": 226.69731575229574,
            "MRR": 0.39632073648137195
        },
        "DE_DistMult": {
            "HIT1": 0.2505690291185935,
            "HIT3": 0.39710383800329646,
            "HIT10": 0.5351620751903304,
            "MR": 212.2171336629778,
            "MRR": 0.3486151533422407
        },
        "TFLEX": {
            "HIT1": 0.15269602072050859,
            "HIT3": 0.24546738874499646,
            "HIT10": 0.33005651047798445,
            "MR": 228.49505533317637,
            "MRR": 0.21802980252989151
        }
    }
}