{
    "facts_in_class": 3636,
    "facts_not_in_class": 23253,
    "anti-symmetric": {
        "DE_TransE": {
            "HIT1": 0.19389438943894388,
            "HIT3": 0.4051155115511551,
            "HIT10": 0.5434543454345434,
            "MR": 154.4075907590759,
            "MRR": 0.322923977933019
        },
        "DE_SimplE": {
            "HIT1": 0.3140814081408141,
            "HIT3": 0.43399339933993397,
            "HIT10": 0.5258525852585259,
            "MR": 194.06600660066007,
            "MRR": 0.3915668843455048
        },
        "TERO": {
            "HIT1": 0.3171067106710671,
            "HIT3": 0.4471947194719472,
            "HIT10": 0.5404290429042904,
            "MR": 181.57975797579758,
            "MRR": 0.40006595315421334
        },
        "ATISE": {
            "HIT1": 0.33223322332233224,
            "HIT3": 0.44416941694169415,
            "HIT10": 0.551980198019802,
            "MR": 243.10478547854785,
            "MRR": 0.41085172640839923
        },
        "DE_DistMult": {
            "HIT1": 0.29812981298129815,
            "HIT3": 0.4238173817381738,
            "HIT10": 0.514026402640264,
            "MR": 215.3424092409241,
            "MRR": 0.3783234911032802
        },
        "TFLEX": {
            "HIT1": 0.23143564356435645,
            "HIT3": 0.31765676567656764,
            "HIT10": 0.37458745874587457,
            "MR": 213.8052805280528,
            "MRR": 0.28878359590441105
        }
    },
    "not anti-symmetric": {
        "DE_TransE": {
            "HIT1": 0.06510987829527373,
            "HIT3": 0.32688255278888745,
            "HIT10": 0.5230292865436718,
            "MR": 157.44523287317764,
            "MRR": 0.22814157847199396
        },
        "DE_SimplE": {
            "HIT1": 0.25454780028383434,
            "HIT3": 0.408463424074313,
            "HIT10": 0.5524878510299747,
            "MR": 175.3102395389842,
            "MRR": 0.35715097871889817
        },
        "TERO": {
            "HIT1": 0.3012084462219929,
            "HIT3": 0.46316604309121406,
            "HIT10": 0.5830215456070185,
            "MR": 187.55098266890295,
            "MRR": 0.40248912386955094
        },
        "ATISE": {
            "HIT1": 0.2902851245000645,
            "HIT3": 0.437190900098912,
            "HIT10": 0.6037930589601341,
            "MR": 226.8048423859287,
            "MRR": 0.39453903527347295
        },
        "DE_DistMult": {
            "HIT1": 0.2460327699651658,
            "HIT3": 0.39371263922934674,
            "HIT10": 0.536704941297897,
            "MR": 212.06958241947277,
            "MRR": 0.34550285919951323
        },
        "TFLEX": {
            "HIT1": 0.14514256225003225,
            "HIT3": 0.2377112630628306,
            "HIT10": 0.3247322926074055,
            "MR": 230.10443813701457,
            "MRR": 0.21083148130722282
        }
    }
}