{
    "sparse": {
        "DE_TransE": {
            "HIT1": 0.11246827411167512,
            "HIT3": 0.3756873942470389,
            "HIT10": 0.5673646362098139,
            "MR": 129.74111675126903,
            "MRR": 0.2775733381199225
        },
        "DE_SimplE": {
            "HIT1": 0.31625423011844334,
            "HIT3": 0.48641074450084604,
            "HIT10": 0.6401755499153976,
            "MR": 151.81276438240272,
            "MRR": 0.4276925938041733
        },
        "TERO": {
            "HIT1": 0.32154187817258884,
            "HIT3": 0.532519035532995,
            "HIT10": 0.6994500846023689,
            "MR": 155.7960554145516,
            "MRR": 0.45405588734780716
        },
        "ATISE": {
            "HIT1": 0.30631345177664976,
            "HIT3": 0.5051818950930627,
            "HIT10": 0.6682000846023689,
            "MR": 206.21103003384096,
            "MRR": 0.4324555659342096
        },
        "DE_DistMult": {
            "HIT1": 0.2785532994923858,
            "HIT3": 0.4391920473773266,
            "HIT10": 0.5899957698815567,
            "MR": 188.4274534686971,
            "MRR": 0.38593639467705965
        },
        "TFLEX": {
            "HIT1": 0.3153553299492386,
            "HIT3": 0.4927030456852792,
            "HIT10": 0.634993654822335,
            "MR": 286.47715736040607,
            "MRR": 0.42756221697524327
        }
    },
    "dense": {
        "DE_TransE": {
            "HIT1": 0.11231182795698924,
            "HIT3": 0.3708064516129032,
            "HIT10": 0.5612903225806452,
            "MR": 134.5209677419355,
            "MRR": 0.2746243686586028
        },
        "DE_SimplE": {
            "HIT1": 0.30913978494623656,
            "HIT3": 0.47940860215053765,
            "HIT10": 0.6326344086021506,
            "MR": 158.84682795698924,
            "MRR": 0.42057418164315646
        },
        "TERO": {
            "HIT1": 0.31591397849462366,
            "HIT3": 0.5271505376344086,
            "HIT10": 0.6923118279569892,
            "MR": 161.69043010752688,
            "MRR": 0.4482285943566745
        },
        "ATISE": {
            "HIT1": 0.29908602150537633,
            "HIT3": 0.5012903225806452,
            "HIT10": 0.6645698924731183,
            "MR": 211.61951612903226,
            "MRR": 0.4272546960498367
        },
        "DE_DistMult": {
            "HIT1": 0.2714516129032258,
            "HIT3": 0.43451612903225806,
            "HIT10": 0.5861290322580646,
            "MR": 192.09069892473119,
            "MRR": 0.38023246676165673
        },
        "TFLEX": {
            "HIT1": 0.307258064516129,
            "HIT3": 0.4841935483870968,
            "HIT10": 0.6264516129032258,
            "MR": 287.2827419354839,
            "MRR": 0.41951593081886396
        }
    }
}