{
    "DE_TransE": {
        "HIT1": 0.0009752925877763329,
        "HIT3": 0.0959037711313394,
        "HIT10": 0.15929778933680103,
        "MR": 1844.6514954486345,
        "MRR": 0.06558515002873619
    },
    "DE_SimplE": {
        "HIT1": 0.06794538361508452,
        "HIT3": 0.08550065019505852,
        "HIT10": 0.12711313394018206,
        "MR": 2745.2854356306893,
        "MRR": 0.09033631814543572
    }
}