{
    "DE_TransE": {
        "HIT1": 0.004678362573099415,
        "HIT3": 0.30801357347950925,
        "HIT10": 0.42105263157894735,
        "MR": 1844.6514954486345,
        "MRR": 0.23951329102174745
    },
    "DE_SimplE": {
        "HIT1": 0.41283950617283954,
        "HIT3": 0.400152149106124,
        "HIT10": 0.37318062514912914,
        "MR": 2745.2854356306893,
        "MRR": 0.4302008368554954
    }
}