{
    "DE_TransE": {
        "HIT1": 0.0009752925877763329,
        "HIT3": 0.0959037711313394,
        "HIT10": 0.15929778933680103,
        "MR": 1844.6514954486345,
        "MRR": 0.06558515002873619
    },
    "DE_SimplE": {
        "HIT1": 0.06794538361508452,
        "HIT3": 0.08550065019505852,
        "HIT10": 0.12711313394018206,
        "MR": 2745.2854356306893,
        "MRR": 0.09033631814543572
    },
    "TERO": {
        "HIT1": 0.08062418725617686,
        "HIT3": 0.1176853055916775,
        "HIT10": 0.1745773732119636,
        "MR": 1795.2565019505853,
        "MRR": 0.11618914859972021
    },
    "ATISE": {
        "HIT1": 0.07509752925877763,
        "HIT3": 0.09850455136540963,
        "HIT10": 0.15669700910273082,
        "MR": 1899.7295188556568,
        "MRR": 0.1033600783877517
    }
}