{
    "DE_TransE": {
        "HIT1": 0.7955136540962289,
        "HIT3": 0.9522106631989596,
        "HIT10": 1.0,
        "MR": 1.42555266579974,
        "MRR": 0.8781186141556753
    },
    "DE_SimplE": {
        "HIT1": 0.5091027308192457,
        "HIT3": 0.63296488946684,
        "HIT10": 1.0,
        "MR": 3.472366710013004,
        "MRR": 0.6167683241480337
    }
}