{
    "DE_TransE": {
        "HIT1": 3.81598440545809,
        "HIT3": 3.0582093448185854,
        "HIT10": 2.6431793770139635,
        "MR": 1.42555266579974,
        "MRR": 3.2068399491611967
    },
    "DE_SimplE": {
        "HIT1": 3.0933333333333333,
        "HIT3": 2.9623430962343096,
        "HIT10": 2.9358148413266525,
        "MR": 3.472366710013004,
        "MRR": 2.937182460406172
    }
}