{
    "DE_TransE": {
        "HIT1": 0.7955136540962289,
        "HIT3": 0.9522106631989596,
        "HIT10": 1.0,
        "MR": 1.42555266579974,
        "MRR": 0.8781186141556753
    },
    "DE_SimplE": {
        "HIT1": 0.5091027308192457,
        "HIT3": 0.63296488946684,
        "HIT10": 1.0,
        "MR": 3.472366710013004,
        "MRR": 0.6167683241480337
    },
    "TERO": {
        "HIT1": 0.2815344603381014,
        "HIT3": 0.4944733420026008,
        "HIT10": 0.823146944083225,
        "MR": 5.3738621586475945,
        "MRR": 0.4505377249751327
    },
    "ATISE": {
        "HIT1": 0.6713263979193758,
        "HIT3": 0.7756827048114434,
        "HIT10": 0.8624837451235371,
        "MR": 3.9866710013003903,
        "MRR": 0.7438636467156967
    }
}