{
    "DE_TransE": {
        "HIT1": 0.036410923276983094,
        "HIT3": 0.1918075422626788,
        "HIT10": 0.3384265279583875,
        "MR": 1367.0097529258778,
        "MRR": 0.14540485431774205
    },
    "DE_SimplE": {
        "HIT1": 0.07964889466840051,
        "HIT3": 0.1323146944083225,
        "HIT10": 0.2269180754226268,
        "MR": 2930.3098179453837,
        "MRR": 0.12701248362579132
    }
}