{
    "DE_TransE": {
        "HIT1": 0.1746588693957115,
        "HIT3": 0.6160271469590185,
        "HIT10": 0.8945220193340494,
        "MR": 1367.0097529258778,
        "MRR": 0.5310103761738889
    },
    "DE_SimplE": {
        "HIT1": 0.4839506172839506,
        "HIT3": 0.6192468619246861,
        "HIT10": 0.6661894535910284,
        "MR": 2930.3098179453837,
        "MRR": 0.6048605684697267
    }
}