{
    "DE_TransE": {
        "HIT1": 0.036410923276983094,
        "HIT3": 0.1918075422626788,
        "HIT10": 0.3384265279583875,
        "MR": 1367.0097529258778,
        "MRR": 0.14540485431774205
    },
    "DE_SimplE": {
        "HIT1": 0.07964889466840051,
        "HIT3": 0.1323146944083225,
        "HIT10": 0.2269180754226268,
        "MR": 2930.3098179453837,
        "MRR": 0.12701248362579132
    },
    "TERO": {
        "HIT1": 0.10598179453836151,
        "HIT3": 0.20578673602080624,
        "HIT10": 0.3563068920676203,
        "MR": 1063.1202860858257,
        "MRR": 0.18895690258586312
    },
    "ATISE": {
        "HIT1": 0.10533159947984395,
        "HIT3": 0.18563068920676204,
        "HIT10": 0.3195708712613784,
        "MR": 752.9765929778933,
        "MRR": 0.17271991731482117
    }
}