{
    "DE_TransE": {
        "HIT1": 0.0009752925877763329,
        "HIT3": 0.0055266579973992196,
        "HIT10": 0.015604681404421327,
        "MR": 2030.6612483745123,
        "MRR": 0.006198447739629655
    },
    "DE_SimplE": {
        "HIT1": 0.001625487646293888,
        "HIT3": 0.0039011703511053317,
        "HIT10": 0.008452535760728219,
        "MR": 1373.954811443433,
        "MRR": 0.005828410270192761
    }
}