{
    "DE_TransE": {
        "HIT1": 0.004678362573099415,
        "HIT3": 0.017749934742886976,
        "HIT10": 0.04124597207303974,
        "MR": 2030.6612483745123,
        "MRR": 0.022636383643165062
    },
    "DE_SimplE": {
        "HIT1": 0.009876543209876543,
        "HIT3": 0.018257892734880182,
        "HIT10": 0.02481507993319017,
        "MR": 1373.954811443433,
        "MRR": 0.027756134268582398
    }
}