{
    "DE_TransE": {
        "HIT1": 0.0009752925877763329,
        "HIT3": 0.0055266579973992196,
        "HIT10": 0.015604681404421327,
        "MR": 2030.6612483745123,
        "MRR": 0.006198447739629655
    },
    "DE_SimplE": {
        "HIT1": 0.001625487646293888,
        "HIT3": 0.0039011703511053317,
        "HIT10": 0.008452535760728219,
        "MR": 1373.954811443433,
        "MRR": 0.005828410270192761
    },
    "TERO": {
        "HIT1": 0.14206762028608583,
        "HIT3": 0.21618985695708712,
        "HIT10": 0.36150845253576075,
        "MR": 571.1238621586476,
        "MRR": 0.20601074153276433
    },
    "ATISE": {
        "HIT1": 0.05071521456436931,
        "HIT3": 0.09362808842652796,
        "HIT10": 0.18790637191157347,
        "MR": 1225.4704161248374,
        "MRR": 0.09057026289935799
    }
}