{
    "DE_TransE": {
        "HIT1": 0.20871261378413525,
        "HIT3": 0.31184980494148246,
        "HIT10": 0.37955136540962287,
        "MR": 1356.2930754226268,
        "MRR": 0.27366466476016243
    },
    "DE_SimplE": {
        "HIT1": 0.16644993498049415,
        "HIT3": 0.21822171651495448,
        "HIT10": 0.3439531859557867,
        "MR": 1747.836232119636,
        "MRR": 0.21252993341674445
    },
    "TERO": {
        "HIT1": 0.22187906371911573,
        "HIT3": 0.2999024707412224,
        "HIT10": 0.42522756827048114,
        "MR": 939.7419538361509,
        "MRR": 0.2874428732323866
    },
    "ATISE": {
        "HIT1": 0.22187906371911573,
        "HIT3": 0.2981144343302991,
        "HIT10": 0.4006014304291287,
        "MR": 1005.7108257477244,
        "MRR": 0.28218804742573345
    }
}