{
    "DE_TransE": {
        "HIT1": 0.09817351598173515,
        "HIT3": 0.17759295499021527,
        "HIT10": 0.3059360730593607,
        "MR": 1022.2022178734508,
        "MRR": 0.16856201354681669
    },
    "DE_SimplE": {
        "HIT1": 0.09360730593607305,
        "HIT3": 0.16617742987606002,
        "HIT10": 0.2827788649706458,
        "MR": 1130.8018590998042,
        "MRR": 0.1579443106395794
    },
    "TERO": {
        "HIT1": 0.15345727332028702,
        "HIT3": 0.24282452707110241,
        "HIT10": 0.3675799086757991,
        "MR": 1125.9592302674494,
        "MRR": 0.22541330553169855
    },
    "ATISE": {
        "HIT1": 0.14432485322896282,
        "HIT3": 0.23320287018917155,
        "HIT10": 0.36627527723418135,
        "MR": 628.947651663405,
        "MRR": 0.21749963399555997
    }
}