{
    "DE_TransE": {
        "HIT1": 0.09817351598173515,
        "HIT3": 0.17759295499021527,
        "HIT10": 0.3059360730593607,
        "MR": 1022.2022178734508,
        "MRR": 0.16856201354681669
    },
    "DE_SimplE": {
        "HIT1": 0.09360730593607305,
        "HIT3": 0.16617742987606002,
        "HIT10": 0.2827788649706458,
        "MR": 1130.8018590998042,
        "MRR": 0.1579443106395794
    }
}