{
    "DE_TransE": {
        "HIT1": 0.35396148757900925,
        "HIT3": 0.4845922794526644,
        "HIT10": 0.6723411880655854,
        "MR": 1022.2022178734508,
        "MRR": 0.49533232127386023
    },
    "DE_SimplE": {
        "HIT1": 0.38523489932885907,
        "HIT3": 0.5085464753587025,
        "HIT10": 0.6762211172857561,
        "MR": 1130.8018590998042,
        "MRR": 0.5191856473353939
    }
}