{
    "DE_TransE": {
        "HIT1": 3.125679847126268,
        "HIT3": 2.6490154633440874,
        "HIT10": 2.1739987456321117,
        "MR": 1.3685583822570124,
        "MRR": 2.7072905704541435
    },
    "DE_SimplE": {
        "HIT1": 3.0919463087248324,
        "HIT3": 2.601122894572676,
        "HIT10": 2.1983035975431413,
        "MR": 2.830071754729289,
        "MRR": 2.6762177898514357
    }
}