{
    "DE_TransE": {
        "HIT1": 0.8669275929549902,
        "HIT3": 0.970808871493803,
        "HIT10": 0.9892367906066536,
        "MR": 1.3685583822570124,
        "MRR": 0.9212933019158965
    },
    "DE_SimplE": {
        "HIT1": 0.7513046314416177,
        "HIT3": 0.8499673842139596,
        "HIT10": 0.9192759295499021,
        "MR": 2.830071754729289,
        "MRR": 0.8141468781135313
    }
}