{
    "DE_TransE": {
        "HIT1": 0.4515654858150816,
        "HIT3": 0.8072088107687174,
        "HIT10": 1.0862825911656662,
        "MR": 497.94504240052186,
        "MRR": 0.727652772829055
    },
    "DE_SimplE": {
        "HIT1": 0.5214765100671142,
        "HIT3": 0.8853399875233936,
        "HIT10": 1.1106561372721069,
        "MR": 964.3750815394651,
        "MRR": 0.7900194861976426
    }
}