{
    "DE_TransE": {
        "HIT1": 0.12524461839530332,
        "HIT3": 0.29582517938682323,
        "HIT10": 0.4942922374429224,
        "MR": 497.94504240052186,
        "MRR": 0.24762086236479688
    },
    "DE_SimplE": {
        "HIT1": 0.1267123287671233,
        "HIT3": 0.2893020221787345,
        "HIT10": 0.4644487932159165,
        "MR": 964.3750815394651,
        "MRR": 0.24033615678654172
    },
    "TERO": {
        "HIT1": 0.17400521852576648,
        "HIT3": 0.32632093933463796,
        "HIT10": 0.5,
        "MR": 713.349151989563,
        "MRR": 0.2820865071981324
    },
    "ATISE": {
        "HIT1": 0.1506849315068493,
        "HIT3": 0.32599478147423355,
        "HIT10": 0.5024461839530333,
        "MR": 366.783105022831,
        "MRR": 0.2709493075129491
    }
}