{
    "DE_TransE": {
        "HIT1": 0.12524461839530332,
        "HIT3": 0.29582517938682323,
        "HIT10": 0.4942922374429224,
        "MR": 497.94504240052186,
        "MRR": 0.24762086236479688
    },
    "DE_SimplE": {
        "HIT1": 0.1267123287671233,
        "HIT3": 0.2893020221787345,
        "HIT10": 0.4644487932159165,
        "MR": 964.3750815394651,
        "MRR": 0.24033615678654172
    }
}