{
    "DE_TransE": {
        "HIT1": 0.01908023483365949,
        "HIT3": 0.021689497716894976,
        "HIT10": 0.03065883887801696,
        "MR": 1340.343607305936,
        "MRR": 0.023727251121544404
    },
    "DE_SimplE": {
        "HIT1": 0.00032615786040443573,
        "HIT3": 0.0016307893020221786,
        "HIT10": 0.006196999347684279,
        "MR": 1005.2105348988911,
        "MRR": 0.004434572351919235
    },
    "TERO": {
        "HIT1": 0.1834637964774951,
        "HIT3": 0.28750815394651014,
        "HIT10": 0.50293542074364,
        "MR": 255.68183300717547,
        "MRR": 0.2779541232922569
    },
    "ATISE": {
        "HIT1": 0.120515329419439,
        "HIT3": 0.21428571428571427,
        "HIT10": 0.3886170906718852,
        "MR": 774.1859099804306,
        "MRR": 0.19870801166124544
    }
}