{
    "DE_TransE": {
        "HIT1": 0.06879317947964134,
        "HIT3": 0.05918344643453109,
        "HIT10": 0.0673774751366365,
        "MR": 1340.343607305936,
        "MRR": 0.06972433544298005
    },
    "DE_SimplE": {
        "HIT1": 0.0013422818791946308,
        "HIT3": 0.004990642545227697,
        "HIT10": 0.014819147898995808,
        "MR": 1005.2105348988911,
        "MRR": 0.014577076615571847
    }
}