{
    "DE_TransE": {
        "HIT1": 0.01908023483365949,
        "HIT3": 0.021689497716894976,
        "HIT10": 0.03065883887801696,
        "MR": 1340.343607305936,
        "MRR": 0.023727251121544404
    },
    "DE_SimplE": {
        "HIT1": 0.00032615786040443573,
        "HIT3": 0.0016307893020221786,
        "HIT10": 0.006196999347684279,
        "MR": 1005.2105348988911,
        "MRR": 0.004434572351919235
    }
}