{
    "dense": {
        "DE_TransE": {
            "HIT1": 0.323037323037323,
            "HIT3": 0.41055341055341055,
            "HIT10": 0.5128700128700129,
            "MR": 137.27059202059203,
            "MRR": 0.39190885443531437
        },
        "DE_SimplE": {
            "HIT1": 0.32014157014157013,
            "HIT3": 0.3642213642213642,
            "HIT10": 0.4749034749034749,
            "MR": 531.0688545688546,
            "MRR": 0.36742210802728975
        },
        "DE_DistMult": {
            "HIT1": 0.29214929214929214,
            "HIT3": 0.35296010296010294,
            "HIT10": 0.4703989703989704,
            "MR": 612.2445302445302,
            "MRR": 0.34728552794830886
        }
    },
    "sparse": {
        "DE_TransE": {
            "HIT1": 0.2975369458128079,
            "HIT3": 0.46535303776683085,
            "HIT10": 0.5494252873563218,
            "MR": 395.0929392446634,
            "MRR": 0.3974871774780468
        },
        "DE_SimplE": {
            "HIT1": 0.2315270935960591,
            "HIT3": 0.31231527093596056,
            "HIT10": 0.48735632183908045,
            "MR": 1770.9379310344827,
            "MRR": 0.2987992816107789
        },
        "DE_DistMult": {
            "HIT1": 0.21444991789819376,
            "HIT3": 0.3021346469622332,
            "HIT10": 0.4729064039408867,
            "MR": 1748.3428571428572,
            "MRR": 0.2845954665248833
        }
    }
}