{
    "DE_TransE": {
        "HIT1": 0.09324026451138868,
        "HIT3": 0.4349008082292432,
        "HIT10": 0.6706098457016899,
        "MR": 109.43842762674504,
        "MRR": 0.29844506503622253
    },
    "DE_SimplE": {
        "HIT1": 0.3552534900808229,
        "HIT3": 0.5490815576781778,
        "HIT10": 0.7033063923585599,
        "MR": 166.08001469507715,
        "MRR": 0.4765422096798048
    }
}