{
    "DE_TransE": {
        "HIT1": 1.0101492537313432,
        "HIT3": 1.4231786487136333,
        "HIT10": 1.4144905075552112,
        "MR": 109.43842762674504,
        "MRR": 1.2951910157714004
    },
    "DE_SimplE": {
        "HIT1": 1.453370406552942,
        "HIT3": 1.4288035944744515,
        "HIT10": 1.3426848085285452,
        "MR": 166.08001469507715,
        "MRR": 1.3974975596345651
    }
}