{
    "DE_TransE": {
        "HIT1": 0.13159441587068332,
        "HIT3": 0.1997060984570169,
        "HIT10": 0.3069801616458486,
        "MR": 41.33166789125643,
        "MRR": 0.20077569619293
    },
    "DE_SimplE": {
        "HIT1": 0.197060984570169,
        "HIT3": 0.3173401910360029,
        "HIT10": 0.4770756796473182,
        "MR": 43.02013225569434,
        "MRR": 0.2912021752094241
    }
}