{
    "DE_TransE": {
        "HIT1": 1.4256716417910449,
        "HIT3": 0.653522481365713,
        "HIT10": 0.6475009686168152,
        "MR": 41.33166789125643,
        "MRR": 0.8713257760277239
    },
    "DE_SimplE": {
        "HIT1": 0.8061922296535657,
        "HIT3": 0.8257731465991108,
        "HIT10": 0.910786926637677,
        "MR": 43.02013225569434,
        "MRR": 0.8539733122253439
    }
}