{
    "DE_TransE": {
        "HIT1": 0.13159441587068332,
        "HIT3": 0.1997060984570169,
        "HIT10": 0.3069801616458486,
        "MR": 41.33166789125643,
        "MRR": 0.20077569619293
    },
    "DE_SimplE": {
        "HIT1": 0.197060984570169,
        "HIT3": 0.3173401910360029,
        "HIT10": 0.4770756796473182,
        "MR": 43.02013225569434,
        "MRR": 0.2912021752094241
    },
    "TERO": {
        "HIT1": 0.1760470242468773,
        "HIT3": 0.40220426157237327,
        "HIT10": 0.6323291697281411,
        "MR": 26.068258633357825,
        "MRR": 0.3294132165208661
    },
    "ATISE": {
        "HIT1": 0.13005143277002204,
        "HIT3": 0.3296840558412932,
        "HIT10": 0.5808229243203527,
        "MR": 31.29110947832476,
        "MRR": 0.27662462973329455
    }
}