{
    "DE_TransE": {
        "HIT1": 0.1002939015429831,
        "HIT3": 0.4852314474650992,
        "HIT10": 0.7196179279941219,
        "MR": 96.71557678177811,
        "MRR": 0.32347901873329166
    },
    "DE_SimplE": {
        "HIT1": 0.39853049228508447,
        "HIT3": 0.5950036737692873,
        "HIT10": 0.7368111682586334,
        "MR": 159.9979426891991,
        "MRR": 0.517960822980905
    },
    "TERO": {
        "HIT1": 0.40345334313005143,
        "HIT3": 0.6169728141072741,
        "HIT10": 0.7523879500367376,
        "MR": 136.8070536370316,
        "MRR": 0.5295289031840896
    },
    "ATISE": {
        "HIT1": 0.2891256429096253,
        "HIT3": 0.5245407788390889,
        "HIT10": 0.7201322556943424,
        "MR": 194.908963997061,
        "MRR": 0.43475112043661623
    }
}