{
    "DE_TransE": {
        "HIT1": 1.0865671641791044,
        "HIT3": 1.5878817023322915,
        "HIT10": 1.517861294072065,
        "MR": 96.71557678177811,
        "MRR": 1.4038332944224006
    },
    "DE_SimplE": {
        "HIT1": 1.630420079657323,
        "HIT3": 1.5483007504421396,
        "HIT10": 1.4066488988637955,
        "MR": 159.9979426891991,
        "MRR": 1.518960905033973
    }
}