{
    "DE_TransE": {
        "HIT1": 0.0440852314474651,
        "HIT3": 0.10249816311535635,
        "HIT10": 0.19919177075679648,
        "MR": 114.24739162380602,
        "MRR": 0.09900230537341467
    },
    "DE_SimplE": {
        "HIT1": 0.02689199118295371,
        "HIT3": 0.0757531227038942,
        "HIT10": 0.17803085966201324,
        "MR": 119.80404114621602,
        "MRR": 0.07828203173373395
    }
}