{
    "DE_TransE": {
        "HIT1": 0.4776119402985075,
        "HIT3": 0.3354171675883626,
        "HIT10": 0.42014722975590857,
        "MR": 114.24739162380602,
        "MRR": 0.42964991377806944
    },
    "DE_SimplE": {
        "HIT1": 0.11001728413616893,
        "HIT3": 0.19712250848429808,
        "HIT10": 0.33987936596998175,
        "MR": 119.80404114621602,
        "MRR": 0.22956822310585126
    }
}