{
    "DE_TransE": {
        "HIT1": 0.0440852314474651,
        "HIT3": 0.10249816311535635,
        "HIT10": 0.19919177075679648,
        "MR": 114.24739162380602,
        "MRR": 0.09900230537341467
    },
    "DE_SimplE": {
        "HIT1": 0.02689199118295371,
        "HIT3": 0.0757531227038942,
        "HIT10": 0.17803085966201324,
        "MR": 119.80404114621602,
        "MRR": 0.07828203173373395
    },
    "TERO": {
        "HIT1": 0.17714915503306392,
        "HIT3": 0.1772961058045555,
        "HIT10": 0.28941954445260837,
        "MR": 109.16664217487141,
        "MRR": 0.20690000739430325
    },
    "ATISE": {
        "HIT1": 0.07281410727406319,
        "HIT3": 0.07391623806024981,
        "HIT10": 0.1493754592211609,
        "MR": 140.5958119030125,
        "MRR": 0.09790601285764011
    }
}