{
    "DE_TransE": {
        "HIT1": 0.35453957299978434,
        "HIT3": 0.522982635342186,
        "HIT10": 0.727080860044849,
        "MR": 180.27178729689808,
        "MRR": 0.5242784843942425
    },
    "DE_SimplE": {
        "HIT1": 0.3814789219073946,
        "HIT3": 0.537653551717999,
        "HIT10": 0.7331048663468129,
        "MR": 517.8601674052192,
        "MRR": 0.5428306224469006
    }
}