{
    "DE_TransE": {
        "HIT1": 0.10118168389955687,
        "HIT3": 0.18906942392909898,
        "HIT10": 0.3392417528311177,
        "MR": 180.27178729689808,
        "MRR": 0.18130037449949188
    },
    "DE_SimplE": {
        "HIT1": 0.1019202363367799,
        "HIT3": 0.18586903003446578,
        "HIT10": 0.3291482028557361,
        "MR": 517.8601674052192,
        "MRR": 0.1780547872213373
    }
}