{
    "DE_TransE": {
        "HIT1": 0.10118168389955687,
        "HIT3": 0.18906942392909898,
        "HIT10": 0.3392417528311177,
        "MR": 180.27178729689808,
        "MRR": 0.18130037449949188
    },
    "DE_SimplE": {
        "HIT1": 0.1019202363367799,
        "HIT3": 0.18586903003446578,
        "HIT10": 0.3291482028557361,
        "MR": 517.8601674052192,
        "MRR": 0.1780547872213373
    },
    "DE_DistMult": {
        "HIT1": 0.10413589364844904,
        "HIT3": 0.18193008370260955,
        "HIT10": 0.3087149187592319,
        "MR": 605.7855736090596,
        "MRR": 0.17282233690181947
    },
    "TERO": {
        "HIT1": 0.15534219596258,
        "HIT3": 0.26021664204825207,
        "HIT10": 0.41629739044805514,
        "MR": 256.03446578040376,
        "MRR": 0.24186633018673434
    },
    "ATISE": {
        "HIT1": 0.13737075332348597,
        "HIT3": 0.24716888232397832,
        "HIT10": 0.40645002461841456,
        "MR": 171.35721319547022,
        "MRR": 0.2273298150215758
    }
}