{
    "DE_TransE": {
        "HIT1": 3.209833944360578,
        "HIT3": 2.7545114061967997,
        "HIT10": 2.140614694631315,
        "MR": 1.1213687838503201,
        "MRR": 2.76398838127871
    },
    "DE_SimplE": {
        "HIT1": 3.1181755355908773,
        "HIT3": 2.6925405020473563,
        "HIT10": 2.1532556545579165,
        "MR": 1.8478581979320532,
        "MRR": 2.707476418094152
    }
}