{
    "DE_TransE": {
        "HIT1": 0.9160512063023142,
        "HIT3": 0.9958148695224027,
        "HIT10": 0.9987690792712949,
        "MR": 1.1213687838503201,
        "MRR": 0.9558128810436789
    },
    "DE_SimplE": {
        "HIT1": 0.8330871491875923,
        "HIT3": 0.930822255046775,
        "HIT10": 0.9667651403249631,
        "MR": 1.8478581979320532,
        "MRR": 0.8880839024104603
    },
    "DE_DistMult": {
        "HIT1": 0.7922205809945839,
        "HIT3": 0.9059576563269326,
        "HIT10": 0.9544559330379123,
        "MR": 2.15534219596258,
        "MRR": 0.8572876609776997
    },
    "TERO": {
        "HIT1": 0.9002954209748892,
        "HIT3": 0.9945839487936977,
        "HIT10": 0.9972919743968488,
        "MR": 1.1959625800098475,
        "MRR": 0.9472559198556247
    },
    "ATISE": {
        "HIT1": 0.8517971442639094,
        "HIT3": 0.9935992122107337,
        "HIT10": 0.9980305268340719,
        "MR": 1.2242737567700641,
        "MRR": 0.922117713779801
    }
}