{
    "DE_TransE": {
        "HIT1": 0.9160512063023142,
        "HIT3": 0.9958148695224027,
        "HIT10": 0.9987690792712949,
        "MR": 1.1213687838503201,
        "MRR": 0.9558128810436789
    },
    "DE_SimplE": {
        "HIT1": 0.8330871491875923,
        "HIT3": 0.930822255046775,
        "HIT10": 0.9667651403249631,
        "MR": 1.8478581979320532,
        "MRR": 0.8880839024104603
    }
}