{
    "DE_TransE": {
        "HIT1": 0.9160512063023142,
        "HIT3": 0.9958148695224027,
        "HIT10": 0.9987690792712949,
        "MR": 1.1213687838503201,
        "MRR": 0.9558128810436789
    },
    "DE_SimplE": {
        "HIT1": 0.8330871491875923,
        "HIT3": 0.930822255046775,
        "HIT10": 0.9667651403249631,
        "MR": 1.8478581979320532,
        "MRR": 0.8880839024104603
    },
    "DE_DistMult": {
        "HIT1": 0.7922205809945839,
        "HIT3": 0.9059576563269326,
        "HIT10": 0.9544559330379123,
        "MR": 2.15534219596258,
        "MRR": 0.8572876609776997
    },
    "TERO": {
        "HIT1": 0.9081733136386017,
        "HIT3": 0.9960610536681438,
        "HIT10": 0.9980305268340719,
        "MR": 1.136386016740522,
        "MRR": 0.9523960058487384
    },
    "ATISE": {
        "HIT1": 0.8712456917774495,
        "HIT3": 0.9960610536681438,
        "HIT10": 0.9985228951255539,
        "MR": 1.1607582471688824,
        "MRR": 0.9337886992972144
    },
    "ensemble_naive_voting": {
        "HIT1": 0.9153126538650911,
        "HIT3": 0.9970457902511078,
        "HIT10": 0.999507631708518,
        "MR": 1.102658788774003,
        "MRR": 0.9564203491999131
    },
    "ensemble_decision_tree": {
        "HIT1": 0.9160512063023142,
        "HIT3": 0.9977843426883308,
        "HIT10": 0.999507631708518,
        "MR": 1.0960118168389956,
        "MRR": 0.9570476011761094
    }
}