{
    "DE_TransE": {
        "HIT1": 0.11816838995568685,
        "HIT3": 0.2533234859675037,
        "HIT10": 0.5125553914327917,
        "MR": 173.34859675036927,
        "MRR": 0.235634963095345
    },
    "DE_SimplE": {
        "HIT1": 0.13318562284588872,
        "HIT3": 0.26464795667159036,
        "HIT10": 0.4935992122107336,
        "MR": 447.5605612998523,
        "MRR": 0.24154788434002833
    }
}