{
    "DE_TransE": {
        "HIT1": 0.11816838995568685,
        "HIT3": 0.2533234859675037,
        "HIT10": 0.5125553914327917,
        "MR": 173.34859675036927,
        "MRR": 0.235634963095345
    },
    "DE_SimplE": {
        "HIT1": 0.13318562284588872,
        "HIT3": 0.26464795667159036,
        "HIT10": 0.4935992122107336,
        "MR": 447.5605612998523,
        "MRR": 0.24154788434002833
    },
    "DE_DistMult": {
        "HIT1": 0.1277695716395864,
        "HIT3": 0.2612013786312162,
        "HIT10": 0.46134908911866074,
        "MR": 548.9935992122107,
        "MRR": 0.23166552322567083
    },
    "TERO": {
        "HIT1": 0.15041851304775972,
        "HIT3": 0.31314623338257014,
        "HIT10": 0.5241260462826194,
        "MR": 227.9303298867553,
        "MRR": 0.27046489368417
    },
    "ATISE": {
        "HIT1": 0.13121614967996062,
        "HIT3": 0.31339241752831115,
        "HIT10": 0.5157557853274249,
        "MR": 142.8367799113737,
        "MRR": 0.25919140831221765
    },
    "TimePlex": {
        "HIT1": 0.15386509108813393,
        "HIT3": 0.3069916297390448,
        "HIT10": 0.5231413096996553,
        "MR": 304.6730674544559,
        "MRR": 0.2690778814236474
    },
    "ensemble_naive_voting": {
        "HIT1": 0.14377154111275234,
        "HIT3": 0.3018217626784835,
        "HIT10": 0.5561299852289513,
        "MR": 141.14204825209256,
        "MRR": 0.2688733662089628
    },
    "ensemble_decision_tree": {
        "HIT1": 0.14623338257016247,
        "HIT3": 0.3173313638601674,
        "HIT10": 0.5603151157065485,
        "MR": 132.05957656326933,
        "MRR": 0.27526545663280505
    }
}