{
    "DE_TransE": {
        "HIT1": 0.4140608151822298,
        "HIT3": 0.700715015321757,
        "HIT10": 1.0985358132172536,
        "MR": 173.34859675036927,
        "MRR": 0.6814014679394222
    },
    "DE_SimplE": {
        "HIT1": 0.4985026491591799,
        "HIT3": 0.7655332027772833,
        "HIT10": 1.0993831391363948,
        "MR": 447.5605612998523,
        "MRR": 0.7364002420448077
    }
}