{
    "DE_TransE": {
        "HIT1": 0.11816838995568685,
        "HIT3": 0.2533234859675037,
        "HIT10": 0.5125553914327917,
        "MR": 173.34859675036927,
        "MRR": 0.235634963095345
    },
    "DE_SimplE": {
        "HIT1": 0.13318562284588872,
        "HIT3": 0.26464795667159036,
        "HIT10": 0.4935992122107336,
        "MR": 447.5605612998523,
        "MRR": 0.24154788434002833
    },
    "DE_DistMult": {
        "HIT1": 0.1277695716395864,
        "HIT3": 0.2612013786312162,
        "HIT10": 0.46134908911866074,
        "MR": 548.9935992122107,
        "MRR": 0.23166552322567083
    },
    "TERO": {
        "HIT1": 0.15041851304775972,
        "HIT3": 0.31314623338257014,
        "HIT10": 0.5241260462826194,
        "MR": 227.9298375184638,
        "MRR": 0.2704648943835616
    },
    "ATISE": {
        "HIT1": 0.13121614967996062,
        "HIT3": 0.31339241752831115,
        "HIT10": 0.5157557853274249,
        "MR": 142.83653372722796,
        "MRR": 0.2591914088614538
    }
}