{
    "DE_TransE": {
        "HIT1": 0.021565667457407806,
        "HIT3": 0.021790943139257748,
        "HIT10": 0.03376863210658224,
        "MR": 1200.1080748399804,
        "MRR": 0.030331666387659013
    },
    "DE_SimplE": {
        "HIT1": 0.0018428933425478002,
        "HIT3": 0.004272743457361582,
        "HIT10": 0.014256339958875944,
        "MR": 1010.5039389463318,
        "MRR": 0.013292717414164197
    }
}