{
    "DE_TransE": {
        "HIT1": 0.006154603643525357,
        "HIT3": 0.007877892663712457,
        "HIT10": 0.015755785327424915,
        "MR": 1200.1080748399804,
        "MRR": 0.010488972252275434
    },
    "DE_SimplE": {
        "HIT1": 0.0004923682914820286,
        "HIT3": 0.0014771048744460858,
        "HIT10": 0.006400787789266372,
        "MR": 1010.5039389463318,
        "MRR": 0.004360166639279628
    }
}