{
    "DE_TransE": {
        "HIT1": 0.00024962556165751375,
        "HIT3": 0.0014977533699450823,
        "HIT10": 0.008986520219670495,
        "MR": 1211.8989016475286,
        "MRR": 0.004296036941501959
    },
    "DE_SimplE": {
        "HIT1": 0.0004992511233150275,
        "HIT3": 0.0014977533699450823,
        "HIT10": 0.006490264603095357,
        "MR": 1011.7503744383425,
        "MRR": 0.004405349869809032
    },
    "DE_DistMult": {
        "HIT1": 0.0007488766849725411,
        "HIT3": 0.0014977533699450823,
        "HIT10": 0.007239141288067898,
        "MR": 1048.2458811782326,
        "MRR": 0.004352955133924508
    },
    "TERO": {
        "HIT1": 0.11782326510234647,
        "HIT3": 0.26060908637044433,
        "HIT10": 0.5262106839740389,
        "MR": 257.6984523215177,
        "MRR": 0.2388710667566164
    },
    "ATISE": {
        "HIT1": 0.090863704443335,
        "HIT3": 0.23040439340988517,
        "HIT10": 0.4618072890664004,
        "MR": 594.8437343984024,
        "MRR": 0.1999533558010218
    },
    "TimePlex": {
        "HIT1": 0.10808786819770344,
        "HIT3": 0.23215177234148776,
        "HIT10": 0.5079880179730404,
        "MR": 36.770843734398404,
        "MRR": 0.22695121806852814
    },
    "ensemble_naive_voting": {
        "HIT1": 0.12306540189715427,
        "HIT3": 0.23339990014977532,
        "HIT10": 0.40664003994008985,
        "MR": 55.08911632551173,
        "MRR": 0.21651333624746863
    },
    "ensemble_decision_tree": {
        "HIT1": 0.12581128307538691,
        "HIT3": 0.2621068397403894,
        "HIT10": 0.5671492760858712,
        "MR": 37.092111832251625,
        "MRR": 0.2504225425853158
    }
}