{
    "DE_TransE": {
        "HIT1": 0.006154603643525357,
        "HIT3": 0.007877892663712457,
        "HIT10": 0.015755785327424915,
        "MR": 1200.1080748399804,
        "MRR": 0.010488972252275434
    },
    "DE_SimplE": {
        "HIT1": 0.0004923682914820286,
        "HIT3": 0.0014771048744460858,
        "HIT10": 0.006400787789266372,
        "MR": 1010.5039389463318,
        "MRR": 0.004360166639279628
    },
    "DE_DistMult": {
        "HIT1": 0.0012309207287050715,
        "HIT3": 0.0019694731659281144,
        "HIT10": 0.007631708517971443,
        "MR": 1041.279419005416,
        "MRR": 0.004897539365177376
    },
    "TERO": {
        "HIT1": 0.15952732644017725,
        "HIT3": 0.2875430822255047,
        "HIT10": 0.5435745937961596,
        "MR": 252.81019202363368,
        "MRR": 0.2706700220390521
    },
    "ATISE": {
        "HIT1": 0.1171836533727228,
        "HIT3": 0.24421467257508617,
        "HIT10": 0.4667651403249631,
        "MR": 589.0923190546529,
        "MRR": 0.21756454450370288
    },
    "TimePlex": {
        "HIT1": 0.10659773510585918,
        "HIT3": 0.22895125553914328,
        "HIT10": 0.500984736582964,
        "MR": 36.49483013293944,
        "MRR": 0.2238530485475706
    }
}