{
    "DE_TransE": {
        "HIT1": 0.00048756704046806434,
        "HIT3": 0.09995124329595319,
        "HIT10": 0.17942467089224767,
        "MR": 682.6825938566553,
        "MRR": 0.07269008209368914
    },
    "DE_SimplE": {
        "HIT1": 0.07459775719161385,
        "HIT3": 0.09507557289127255,
        "HIT10": 0.15260848366650415,
        "MR": 1718.2725499756216,
        "MRR": 0.103908857857064
    }
}