{
    "DE_TransE": {
        "HIT1": 0.0020931449502878076,
        "HIT3": 0.3038162282326788,
        "HIT10": 0.44768856447688565,
        "MR": 682.6825938566553,
        "MRR": 0.24462195694684075
    },
    "DE_SimplE": {
        "HIT1": 0.3597883597883598,
        "HIT3": 0.37356321839080464,
        "HIT10": 0.42154882154882156,
        "MR": 1718.2725499756216,
        "MRR": 0.4138345295134403
    }
}