{
    "DE_TransE": {
        "HIT1": 0.00048756704046806434,
        "HIT3": 0.09995124329595319,
        "HIT10": 0.17942467089224767,
        "MR": 682.6825938566553,
        "MRR": 0.07269008209368914
    },
    "DE_SimplE": {
        "HIT1": 0.07459775719161385,
        "HIT3": 0.09507557289127255,
        "HIT10": 0.15260848366650415,
        "MR": 1718.2725499756216,
        "MRR": 0.103908857857064
    },
    "DE_DistMult": {
        "HIT1": 0.07703559239395417,
        "HIT3": 0.09507557289127255,
        "HIT10": 0.1545587518283764,
        "MR": 1798.1755241345686,
        "MRR": 0.10403175627450587
    },
    "TERO": {
        "HIT1": 0.08532423208191127,
        "HIT3": 0.1189663578742077,
        "HIT10": 0.2067284251584593,
        "MR": 1167.8444661140907,
        "MRR": 0.12810086667096499
    },
    "ATISE": {
        "HIT1": 0.08239882983910288,
        "HIT3": 0.113603120429059,
        "HIT10": 0.19063871282301317,
        "MR": 1218.5411994149194,
        "MRR": 0.11940060039186468
    },
    "TimePlex": {
        "HIT1": 0.10726474890297416,
        "HIT3": 0.15894685519258897,
        "HIT10": 0.24719648951730863,
        "MR": 1171.5402242808386,
        "MRR": 0.15546456223271443
    },
    "ensemble_naive_voting": {
        "HIT1": 0.07703559239395417,
        "HIT3": 0.10628961482203803,
        "HIT10": 0.16723549488054607,
        "MR": 1094.7011214041931,
        "MRR": 0.10969380614242127
    },
    "ensemble_decision_tree": {
        "HIT1": 0.08971233544612384,
        "HIT3": 0.12335446123842028,
        "HIT10": 0.2052657240370551,
        "MR": 864.2101413944417,
        "MRR": 0.13126392789422
    }
}