{
    "DE_TransE": {
        "HIT1": 0.8805460750853242,
        "HIT3": 0.9965870307167235,
        "HIT10": 1.0,
        "MR": 1.1428571428571428,
        "MRR": 0.937409935532802
    },
    "DE_SimplE": {
        "HIT1": 0.6645538761579717,
        "HIT3": 0.7688932228181375,
        "HIT10": 1.0,
        "MR": 2.4997562164797658,
        "MRR": 0.746826364220317
    },
    "DE_DistMult": {
        "HIT1": 0.6001950268161872,
        "HIT3": 0.7532910775231594,
        "HIT10": 1.0,
        "MR": 2.567528035104827,
        "MRR": 0.7083517138368421
    },
    "TERO": {
        "HIT1": 0.39541686981960017,
        "HIT3": 0.8512920526572404,
        "HIT10": 1.0,
        "MR": 2.323256947830327,
        "MRR": 0.6417786909985829
    },
    "ATISE": {
        "HIT1": 0.7820575329107752,
        "HIT3": 0.9736713798147245,
        "HIT10": 1.0,
        "MR": 1.4456362749878109,
        "MRR": 0.8732683630903993
    },
    "ensemble_naive_voting": {
        "HIT1": 0.7762067284251585,
        "HIT3": 0.9346660165772793,
        "HIT10": 1.0,
        "MR": 1.4861043393466602,
        "MRR": 0.8598929674258771
    },
    "ensemble_decision_tree": {
        "HIT1": 0.8571428571428571,
        "HIT3": 0.9931740614334471,
        "HIT10": 1.0,
        "MR": 1.1774744027303754,
        "MRR": 0.9246234898965271
    }
}