{
    "DE_TransE": {
        "HIT1": 0.8805460750853242,
        "HIT3": 0.9965870307167235,
        "HIT10": 1.0,
        "MR": 1.1428571428571428,
        "MRR": 0.937409935532802
    },
    "DE_SimplE": {
        "HIT1": 0.6645538761579717,
        "HIT3": 0.7688932228181375,
        "HIT10": 1.0,
        "MR": 2.4997562164797658,
        "MRR": 0.746826364220317
    },
    "DE_DistMult": {
        "HIT1": 0.6001950268161872,
        "HIT3": 0.7532910775231594,
        "HIT10": 1.0,
        "MR": 2.567528035104827,
        "MRR": 0.7083517138368421
    },
    "TERO": {
        "HIT1": 0.39541686981960017,
        "HIT3": 0.8171623598244758,
        "HIT10": 0.9561189663578742,
        "MR": 3.055582642613359,
        "MRR": 0.622934320897219
    },
    "ATISE": {
        "HIT1": 0.7372013651877133,
        "HIT3": 0.8156996587030717,
        "HIT10": 0.977084349098001,
        "MR": 2.0945880058508046,
        "MRR": 0.8116911786950792
    }
}