{
    "DE_TransE": {
        "HIT1": 0.8805460750853242,
        "HIT3": 0.9965870307167235,
        "HIT10": 1.0,
        "MR": 1.1428571428571428,
        "MRR": 0.937409935532802
    },
    "DE_SimplE": {
        "HIT1": 0.6645538761579717,
        "HIT3": 0.7688932228181375,
        "HIT10": 1.0,
        "MR": 2.4997562164797658,
        "MRR": 0.746826364220317
    }
}