{
    "DE_TransE": {
        "HIT1": 3.78021978021978,
        "HIT3": 3.029270100037051,
        "HIT10": 2.4951338199513384,
        "MR": 1.1428571428571428,
        "MRR": 3.1546401694235304
    },
    "DE_SimplE": {
        "HIT1": 3.2051734273956494,
        "HIT3": 3.0210727969348663,
        "HIT10": 2.7622895622895625,
        "MR": 2.4997562164797658,
        "MRR": 2.974361795897049
    }
}