{
    "DE_TransE": {
        "HIT1": 0.05021940516821063,
        "HIT3": 0.21647976596782056,
        "HIT10": 0.4134568503169186,
        "MR": 110.76011701608971,
        "MRR": 0.1739083563401673
    },
    "DE_SimplE": {
        "HIT1": 0.08971233544612384,
        "HIT3": 0.151633349585568,
        "HIT10": 0.2905899561189664,
        "MR": 1713.1955143832276,
        "MRR": 0.14965079657383037
    }
}