{
    "DE_TransE": {
        "HIT1": 0.21559392987964415,
        "HIT3": 0.6580214894405335,
        "HIT10": 1.0316301703163018,
        "MR": 110.76011701608971,
        "MRR": 0.5852490633111235
    },
    "DE_SimplE": {
        "HIT1": 0.4326866549088771,
        "HIT3": 0.5957854406130269,
        "HIT10": 0.8026936026936028,
        "MR": 1713.1955143832276,
        "MRR": 0.5960095055287189
    }
}