{
    "DE_TransE": {
        "HIT1": 0.05021940516821063,
        "HIT3": 0.21647976596782056,
        "HIT10": 0.4134568503169186,
        "MR": 110.76011701608971,
        "MRR": 0.1739083563401673
    },
    "DE_SimplE": {
        "HIT1": 0.08971233544612384,
        "HIT3": 0.151633349585568,
        "HIT10": 0.2905899561189664,
        "MR": 1713.1955143832276,
        "MRR": 0.14965079657383037
    },
    "DE_DistMult": {
        "HIT1": 0.08386153096050707,
        "HIT3": 0.13505607020965382,
        "HIT10": 0.26036079960994635,
        "MR": 1722.6894197952217,
        "MRR": 0.1364008382414642
    },
    "TERO": {
        "HIT1": 0.12676743052169673,
        "HIT3": 0.24427108727450025,
        "HIT10": 0.4202827888834715,
        "MR": 258.88152120916624,
        "MRR": 0.22319815155343745
    },
    "ATISE": {
        "HIT1": 0.128717698683569,
        "HIT3": 0.22623110677718186,
        "HIT10": 0.39346660165772795,
        "MR": 233.2930277913213,
        "MRR": 0.212866119662905
    }
}