{
    "DE_TransE": {
        "HIT1": 0.0020931449502878076,
        "HIT3": 0.008892182289736941,
        "HIT10": 0.025547445255474453,
        "MR": 1821.2949780594831,
        "MRR": 0.015488810318509861
    },
    "DE_SimplE": {
        "HIT1": 0.0023515579071134627,
        "HIT3": 0.009578544061302681,
        "HIT10": 0.01346801346801347,
        "MR": 1418.3564115065822,
        "MRR": 0.01579416906081687
    }
}