{
    "DE_TransE": {
        "HIT1": 0.00048756704046806434,
        "HIT3": 0.0029254022428083864,
        "HIT10": 0.010238907849829351,
        "MR": 1821.2949780594831,
        "MRR": 0.004602542255970624
    },
    "DE_SimplE": {
        "HIT1": 0.00048756704046806434,
        "HIT3": 0.0024378352023403218,
        "HIT10": 0.0048756704046806435,
        "MR": 1418.3564115065822,
        "MRR": 0.003965725310163026
    }
}