{
    "DE_TransE": {
        "HIT1": 0.00048756704046806434,
        "HIT3": 0.0029254022428083864,
        "HIT10": 0.010238907849829351,
        "MR": 1821.2949780594831,
        "MRR": 0.004602542255970624
    },
    "DE_SimplE": {
        "HIT1": 0.00048756704046806434,
        "HIT3": 0.0024378352023403218,
        "HIT10": 0.0048756704046806435,
        "MR": 1418.3564115065822,
        "MRR": 0.003965725310163026
    },
    "DE_DistMult": {
        "HIT1": 0.00048756704046806434,
        "HIT3": 0.0019502681618722574,
        "HIT10": 0.006338371526084837,
        "MR": 1397.463676255485,
        "MRR": 0.004026712387476274
    },
    "TERO": {
        "HIT1": 0.1355436372501219,
        "HIT3": 0.2257435397367138,
        "HIT10": 0.4076060458313018,
        "MR": 531.7142857142857,
        "MRR": 0.21390676960334318
    },
    "ATISE": {
        "HIT1": 0.03315455875182838,
        "HIT3": 0.10433934666016577,
        "HIT10": 0.23159434422233058,
        "MR": 1194.0941004388103,
        "MRR": 0.0928675137841622
    },
    "TimePlex": {
        "HIT1": 0.028278888347147733,
        "HIT3": 0.09361287176986836,
        "HIT10": 0.22233057045343735,
        "MR": 57.441735738664065,
        "MRR": 0.09964706199141359
    },
    "ensemble_naive_voting": {
        "HIT1": 0.0,
        "HIT3": 0.0029254022428083864,
        "HIT10": 0.008288639687957094,
        "MR": 1777.5889809848854,
        "MRR": 0.0046898982714155095
    },
    "ensemble_decision_tree": {
        "HIT1": 0.13505607020965382,
        "HIT3": 0.21599219892735252,
        "HIT10": 0.38664066309117506,
        "MR": 113.67820575329108,
        "MRR": 0.21238039424570854
    }
}