{
    "DE_TransE": {
        "HIT1": 0.00048756704046806434,
        "HIT3": 0.0029254022428083864,
        "HIT10": 0.010238907849829351,
        "MR": 1821.2949780594831,
        "MRR": 0.004602542255970624
    },
    "DE_SimplE": {
        "HIT1": 0.00048756704046806434,
        "HIT3": 0.0024378352023403218,
        "HIT10": 0.0048756704046806435,
        "MR": 1418.3564115065822,
        "MRR": 0.003965725310163026
    },
    "DE_DistMult": {
        "HIT1": 0.00048756704046806434,
        "HIT3": 0.0019502681618722574,
        "HIT10": 0.006338371526084837,
        "MR": 1397.463676255485,
        "MRR": 0.004026712387476274
    },
    "TERO": {
        "HIT1": 0.15358361774744028,
        "HIT3": 0.23842028278888347,
        "HIT10": 0.41491955143832276,
        "MR": 419.1399317406143,
        "MRR": 0.22802233297323365
    },
    "ATISE": {
        "HIT1": 0.05948317893710385,
        "HIT3": 0.12286689419795221,
        "HIT10": 0.24378352023403219,
        "MR": 1011.4183325207216,
        "MRR": 0.11365570730659119
    },
    "TimePlex": {
        "HIT1": 0.028278888347147733,
        "HIT3": 0.09361287176986836,
        "HIT10": 0.22233057045343735,
        "MR": 57.441735738664065,
        "MRR": 0.09964706199141359
    }
}