{
    "facts_in_class": 704,
    "facts_not_in_class": 7500,
    "symmetric": {
        "DE_TransE": {
            "HIT1": 0.001893939393939394,
            "HIT3": 0.6458333333333334,
            "HIT10": 0.6818181818181818,
            "MR": 316.7973484848485,
            "MRR": 0.32353455926696956
        },
        "DE_SimplE": {
            "HIT1": 0.5871212121212122,
            "HIT3": 0.6534090909090909,
            "HIT10": 0.6553030303030303,
            "MR": 461.0416666666667,
            "MRR": 0.6210541739359191
        },
        "DE_DistMult": {
            "HIT1": 0.6022727272727273,
            "HIT3": 0.6553030303030303,
            "HIT10": 0.6647727272727273,
            "MR": 437.2746212121212,
            "MRR": 0.6314638996042745
        },
        "TERO": {
            "HIT1": 0.8579545454545454,
            "HIT3": 0.9583333333333334,
            "HIT10": 0.9621212121212122,
            "MR": 80.0284090909091,
            "MRR": 0.9085759311414974
        },
        "ATISE": {
            "HIT1": 0.6496212121212122,
            "HIT3": 0.6856060606060606,
            "HIT10": 0.7537878787878788,
            "MR": 122.4375,
            "MRR": 0.6831019277614243
        },
        "TimePlex": {
            "HIT1": 0.48295454545454547,
            "HIT3": 0.49573863636363635,
            "HIT10": 0.5227272727272727,
            "MR": 60.26704545454545,
            "MRR": 0.5007983596500386
        }
    },
    "not symmetric": {
        "DE_TransE": {
            "HIT1": 0.018488888888888888,
            "HIT3": 0.055822222222222224,
            "HIT10": 0.1559111111111111,
            "MR": 923.6547555555555,
            "MRR": 0.06122434917366652
        },
        "DE_SimplE": {
            "HIT1": 0.004977777777777778,
            "HIT3": 0.02951111111111111,
            "HIT10": 0.10186666666666666,
            "MR": 1725.0773333333334,
            "MRR": 0.035603191113021265
        },
        "DE_DistMult": {
            "HIT1": 0.002311111111111111,
            "HIT3": 0.02311111111111111,
            "HIT10": 0.0912,
            "MR": 1752.2864,
            "MRR": 0.029861884349850997
        },
        "TERO": {
            "HIT1": 0.0528,
            "HIT3": 0.12942222222222222,
            "HIT10": 0.2896,
            "MR": 665.5288888888889,
            "MRR": 0.12594844513742942
        },
        "ATISE": {
            "HIT1": 0.03768888888888889,
            "HIT3": 0.10435555555555555,
            "HIT10": 0.2311111111111111,
            "MR": 886.6632888888889,
            "MRR": 0.09847272554614374
        },
        "TimePlex": {
            "HIT1": 0.0528,
            "HIT3": 0.1248,
            "HIT10": 0.2448,
            "MR": 416.9934666666667,
            "MRR": 0.12005816192899375
        }
    }
}