{
    "symmetric": {
        "DE_TransE": {
            "HIT1": 0.001893939393939394,
            "HIT3": 0.6458333333333334,
            "HIT10": 0.6818181818181818,
            "MR": 316.7973484848485,
            "MRR": 0.32353455926696956
        },
        "DE_SimplE": {
            "HIT1": 0.5871212121212122,
            "HIT3": 0.6534090909090909,
            "HIT10": 0.6553030303030303,
            "MR": 461.0416666666667,
            "MRR": 0.6210541739359191
        },
        "DE_DistMult": {
            "HIT1": 0.6022727272727273,
            "HIT3": 0.6553030303030303,
            "HIT10": 0.6647727272727273,
            "MR": 437.2746212121212,
            "MRR": 0.6314638996042745
        }
    },
    "not symmetric": {
        "DE_TransE": {
            "HIT1": 0.018488888888888888,
            "HIT3": 0.055822222222222224,
            "HIT10": 0.1559111111111111,
            "MR": 923.6547555555555,
            "MRR": 0.06122434917366652
        },
        "DE_SimplE": {
            "HIT1": 0.004977777777777778,
            "HIT3": 0.02951111111111111,
            "HIT10": 0.10186666666666666,
            "MR": 1725.0773333333334,
            "MRR": 0.035603191113021265
        },
        "DE_DistMult": {
            "HIT1": 0.002311111111111111,
            "HIT3": 0.02311111111111111,
            "HIT10": 0.0912,
            "MR": 1752.2864,
            "MRR": 0.029861884349850997
        }
    }
}