{
    "facts_in_class": 0,
    "facts_not_in_class": 6153,
    "inverse": {},
    "not inverse": {
        "DE_TransE": {
            "HIT1": 0.017064846416382253,
            "HIT3": 0.10645213716886072,
            "HIT10": 0.2010401430196652,
            "MR": 871.579229644076,
            "MRR": 0.08373366022994175
        },
        "DE_SimplE": {
            "HIT1": 0.05493255322606858,
            "HIT3": 0.08304891922639362,
            "HIT10": 0.14935803673005038,
            "MR": 1616.6081586218104,
            "MRR": 0.08584179324701864
        },
        "DE_DistMult": {
            "HIT1": 0.05379489679830977,
            "HIT3": 0.07736063708759955,
            "HIT10": 0.14041930765480254,
            "MR": 1639.4428733950917,
            "MRR": 0.08148643563448149
        },
        "TERO": {
            "HIT1": 0.12189176011701609,
            "HIT3": 0.20055257597919715,
            "HIT10": 0.3473102551600845,
            "MR": 615.2860393304079,
            "MRR": 0.19310711775406228
        },
        "ATISE": {
            "HIT1": 0.0901999024865919,
            "HIT3": 0.15423370713473103,
            "HIT10": 0.2759629449049244,
            "MR": 821.0836990086137,
            "MRR": 0.14864080920771808
        }
    }
}