{
    "inverse": {},
    "not inverse": {
        "DE_TransE": {
            "HIT1": 0.017064846416382253,
            "HIT3": 0.10645213716886072,
            "HIT10": 0.2010401430196652,
            "MR": 871.579229644076,
            "MRR": 0.08373366022994175
        },
        "DE_SimplE": {
            "HIT1": 0.05493255322606858,
            "HIT3": 0.08304891922639362,
            "HIT10": 0.14935803673005038,
            "MR": 1616.6081586218104,
            "MRR": 0.08584179324701864
        },
        "DE_DistMult": {
            "HIT1": 0.05379489679830977,
            "HIT3": 0.07736063708759955,
            "HIT10": 0.14041930765480254,
            "MR": 1639.4428733950917,
            "MRR": 0.08148643563448149
        }
    }
}