{
    "DE_TransE": {
        "HIT1": 0.09671197648787656,
        "HIT3": 0.30604335047759,
        "HIT10": 0.4740448199853049,
        "MR": 93.00150624540778,
        "MRR": 0.23268269887258053
    },
    "DE_SimplE": {
        "HIT1": 0.24472814107274063,
        "HIT3": 0.3840191036002939,
        "HIT10": 0.5235855988243938,
        "MR": 126.53844599559147,
        "MRR": 0.3408908993829318
    },
    "TERO": {
        "HIT1": 0.28122703894195444,
        "HIT3": 0.4416605437178545,
        "HIT10": 0.5987509184423219,
        "MR": 110.14245040411463,
        "MRR": 0.38939498700761177
    },
    "ATISE": {
        "HIT1": 0.18243938280675973,
        "HIT3": 0.34311168258633357,
        "HIT10": 0.5284900808229244,
        "MR": 144.50349008082293,
        "MRR": 0.2962080411717723
    }
}