{
    "DE_TransE": {
        "HIT1": 0.09671197648787656,
        "HIT3": 0.30604335047759,
        "HIT10": 0.4740448199853049,
        "MR": 93.00150624540778,
        "MRR": 0.23268269887258053
    },
    "DE_SimplE": {
        "HIT1": 0.24472814107274063,
        "HIT3": 0.3840191036002939,
        "HIT10": 0.5235855988243938,
        "MR": 126.53844599559147,
        "MRR": 0.3408908993829318
    }
}