{
    "DE_TransE": {
        "HIT1": 0.27442106979778214,
        "HIT3": 0.36052674494455317,
        "HIT10": 0.4489562948467058,
        "MR": 724.2856735159818,
        "MRR": 0.33593767141767117
    },
    "DE_SimplE": {
        "HIT1": 0.24253913894324852,
        "HIT3": 0.32036855838225703,
        "HIT10": 0.41536203522504894,
        "MR": 792.783471950424,
        "MRR": 0.30138239042228165
    },
    "TERO": {
        "HIT1": 0.6347847358121331,
        "HIT3": 0.7799249836921069,
        "HIT10": 0.8556343770384867,
        "MR": 152.39493639921722,
        "MRR": 0.7189528439262118
    },
    "ATISE": {
        "HIT1": 0.5360404435746902,
        "HIT3": 0.7078440965427267,
        "HIT10": 0.8108284409654273,
        "MR": 138.75754240052186,
        "MRR": 0.6370181914207451
    }
}