{
    "DE_TransE": {
        "HIT1": 0.27442106979778214,
        "HIT3": 0.36052674494455317,
        "HIT10": 0.4489562948467058,
        "MR": 724.2856735159818,
        "MRR": 0.33593767141767117
    },
    "DE_SimplE": {
        "HIT1": 0.24253913894324852,
        "HIT3": 0.32036855838225703,
        "HIT10": 0.41536203522504894,
        "MR": 792.783471950424,
        "MRR": 0.30138239042228165
    }
}