{
    "DE_TransE": {
        "MRP": 0.10763982623386645
    },
    "DE_SimplE": {
        "MRP": 0.020765027322404372
    },
    "AVG": {
        "MRP": 0.22805083285176964
    }
}