{
    "DE_TransE": {
        "HIT1": 0.09522481312060695,
        "HIT3": 0.30522704451634497,
        "HIT10": 0.47308378890996317,
        "MR": 128.0998270668303,
        "MRR": 0.23190579422133198
    },
    "DE_SimplE": {
        "HIT1": 0.2415485886421957,
        "HIT3": 0.38223808992524827,
        "HIT10": 0.5241269664174941,
        "MR": 145.82171148053106,
        "MRR": 0.33861718868573143
    }
}