{
    "DE_TransE": {
        "HIT1": 0.09522481312060695,
        "HIT3": 0.30522704451634497,
        "HIT10": 0.47308378890996317,
        "MR": 128.09985495927702,
        "MRR": 0.2319057942206921
    },
    "DE_SimplE": {
        "HIT1": 0.2415485886421957,
        "HIT3": 0.38223808992524827,
        "HIT10": 0.5241269664174941,
        "MR": 145.82171148053106,
        "MRR": 0.33861718868573143
    },
    "DE_DistMult": {
        "HIT1": 0.2140187437241995,
        "HIT3": 0.3492413254490684,
        "HIT10": 0.4898750418386701,
        "MR": 172.61597679348432,
        "MRR": 0.30886639781489195
    },
    "TERO": {
        "HIT1": 0.3033024656922905,
        "HIT3": 0.4744505187995091,
        "HIT10": 0.6194912417717282,
        "MR": 143.49361262969987,
        "MRR": 0.4135949676271478
    },
    "ATISE": {
        "HIT1": 0.25025103202052884,
        "HIT3": 0.4292647551043178,
        "HIT10": 0.5991018632154412,
        "MR": 176.75778199263638,
        "MRR": 0.37100568712368637
    },
    "TimePlex": {
        "HIT1": 0.17244970062107182,
        "HIT3": 0.28160214213990853,
        "HIT10": 0.40131652348544017,
        "MR": 215.26546171296812,
        "MRR": 0.251553601841141
    },
    "ensemble_naive_voting": {
        "HIT1": 0.2609896240098181,
        "HIT3": 0.3745955595224813,
        "HIT10": 0.4996652906392949,
        "MR": 111.2531797389267,
        "MRR": 0.3428056168331045
    },
    "ensemble_decision_tree": {
        "HIT1": 0.32168358808434677,
        "HIT3": 0.47294432667633607,
        "HIT10": 0.6273569117482986,
        "MR": 113.83289635166797,
        "MRR": 0.4255037579823181
    }
}