{
    "DE_TransE": {
        "HIT1": 0.09522481312060695,
        "HIT3": 0.30522704451634497,
        "HIT10": 0.47308378890996317,
        "MR": 128.0998270668303,
        "MRR": 0.23190579422133198
    },
    "DE_SimplE": {
        "HIT1": 0.2415485886421957,
        "HIT3": 0.38223808992524827,
        "HIT10": 0.5241269664174941,
        "MR": 145.82171148053106,
        "MRR": 0.33861718868573143
    },
    "DE_DistMult": {
        "HIT1": 0.2140187437241995,
        "HIT3": 0.3492413254490684,
        "HIT10": 0.4898750418386701,
        "MR": 172.61597679348432,
        "MRR": 0.30886639781489195
    },
    "TERO": {
        "HIT1": 0.26718174718286286,
        "HIT3": 0.4465022871806315,
        "HIT10": 0.5924076760013388,
        "MR": 146.77981702554948,
        "MRR": 0.382223695622041
    },
    "ATISE": {
        "HIT1": 0.2516456543568002,
        "HIT3": 0.40131652348544017,
        "HIT10": 0.5755885306259065,
        "MR": 181.1252649782439,
        "MRR": 0.3596313090536477
    },
    "TimePlex": {
        "HIT1": 0.1717059020417271,
        "HIT3": 0.2791104168991037,
        "HIT10": 0.39685373200937185,
        "MR": 198.8487857488192,
        "MRR": 0.24981796283734634
    },
    "TFLEX": {
        "HIT1": 0.1568113354903492,
        "HIT3": 0.2485217003235524,
        "HIT10": 0.33147383688497156,
        "MR": 227.9004239651902,
        "MRR": 0.22137236749396744
    }
}