{
    "DE_TransE": {
        "HIT1": 0.09522481312060695,
        "HIT3": 0.30522704451634497,
        "HIT10": 0.47308378890996317,
        "MR": 128.09985495927702,
        "MRR": 0.2319057942206921
    },
    "DE_SimplE": {
        "HIT1": 0.2415485886421957,
        "HIT3": 0.38223808992524827,
        "HIT10": 0.5241269664174941,
        "MR": 145.82171148053106,
        "MRR": 0.33861718868573143
    },
    "DE_DistMult": {
        "HIT1": 0.2140187437241995,
        "HIT3": 0.3492413254490684,
        "HIT10": 0.4898750418386701,
        "MR": 172.61597679348432,
        "MRR": 0.30886639781489195
    },
    "TERO": {
        "HIT1": 0.3033024656922905,
        "HIT3": 0.4744505187995091,
        "HIT10": 0.6194912417717282,
        "MR": 143.49361262969987,
        "MRR": 0.4135949676271478
    },
    "ATISE": {
        "HIT1": 0.25025103202052884,
        "HIT3": 0.4292647551043178,
        "HIT10": 0.5991018632154412,
        "MR": 176.75778199263638,
        "MRR": 0.37100568712368637
    },
    "TimePlex": {
        "HIT1": 0.1717059020417271,
        "HIT3": 0.2791104168991037,
        "HIT10": 0.39685373200937185,
        "MR": 198.8487857488192,
        "MRR": 0.24981796283734634
    },
    "ensemble_naive_voting": {
        "HIT1": 0.2609896240098181,
        "HIT3": 0.3745955595224813,
        "HIT10": 0.4996652906392949,
        "MR": 111.2531797389267,
        "MRR": 0.3428056168331045
    },
    "ensemble_decision_tree": {
        "HIT1": 0.32168358808434677,
        "HIT3": 0.47294432667633607,
        "HIT10": 0.6273569117482986,
        "MR": 113.83289635166797,
        "MRR": 0.4255037579823181
    },
    "ablation_overall": {
        "HIT1": 0.3204842128751534,
        "HIT3": 0.47400423965190225,
        "HIT10": 0.6288631038714716,
        "MR": 113.69747852281603,
        "MRR": 0.42534043539628685
    },
    "ablation_property": {
        "HIT1": 0.3212094164900145,
        "HIT3": 0.47450630369295993,
        "HIT10": 0.6282494700435122,
        "MR": 113.88156867120384,
        "MRR": 0.42577546817427037
    },
    "ablation_false_property": {
        "HIT1": 0.322157759678679,
        "HIT3": 0.4763472051768381,
        "HIT10": 0.6295883074863327,
        "MR": 112.35423407341293,
        "MRR": 0.4267649742619603
    },
    "ablation_time_density": {
        "HIT1": 0.32012161106772286,
        "HIT3": 0.4753709695414482,
        "HIT10": 0.6292535981256275,
        "MR": 114.27674885640968,
        "MRR": 0.4256908938019154
    },
    "ablation_target": {
        "HIT1": 0.32187883521142474,
        "HIT3": 0.47355796050429544,
        "HIT10": 0.6257670422849493,
        "MR": 114.51500613633829,
        "MRR": 0.42516984806452296
    },
    "ablation_no_property": {
        "HIT1": 0.32218565212540445,
        "HIT3": 0.4771003012384246,
        "HIT10": 0.6297835546134107,
        "MR": 112.39247461787348,
        "MRR": 0.42688220918798253
    },
    "ablation_one_forth_property": {
        "HIT1": 0.3217114805310722,
        "HIT3": 0.47564989400870245,
        "HIT10": 0.6290025661050987,
        "MR": 112.95459109673101,
        "MRR": 0.42636550058313466
    },
    "ablation_no_reflexion": {
        "HIT1": 0.3211536315965636,
        "HIT3": 0.4746457659265871,
        "HIT10": 0.6284168247238647,
        "MR": 113.52711145821712,
        "MRR": 0.42584413036533364
    }
}