{
    "DE_TransE": {
        "MP": 90.51411357804307,
        "MRP": 0.1498338912097903
    },
    "DE_SimplE": {
        "MP": 93.66473279036038,
        "MRP": 0.12538855261185178
    },
    "DE_DistMult": {
        "MP": 87.90427312283833,
        "MRP": 0.1332298343807536
    },
    "TERO": {
        "MP": 129.7520919335044,
        "MRP": 0.02449050860628644
    },
    "ATISE": {
        "MP": 137.3856967533192,
        "MRP": 0.02799882147182963
    },
    "TimePlex": {
        "MP": 122.86534586971122,
        "MRP": 0.03337444833378913
    },
    "AVG": {
        "MP": 84.70947227490795,
        "MRP": 0.0408006255230718
    }
}