{
    "dense": {
        "DE_TransE": {
            "HIT1": 0.10670978172999192,
            "HIT3": 0.36095392077607114,
            "HIT10": 0.5556453786041499,
            "MR": 127.86297493936944,
            "MRR": 0.26825329844142465
        },
        "DE_SimplE": {
            "HIT1": 0.294529776340609,
            "HIT3": 0.46685529506871465,
            "HIT10": 0.6180274858528698,
            "MR": 153.70897332255456,
            "MRR": 0.40685787842356086
        },
        "TERO": {
            "HIT1": 0.3036917272972245,
            "HIT3": 0.5146860684451631,
            "HIT10": 0.6856642414443547,
            "MR": 156.4997305308542,
            "MRR": 0.4367799132437759
        },
        "ATISE": {
            "HIT1": 0.2840204796550795,
            "HIT3": 0.49232012934519,
            "HIT10": 0.662759364052816,
            "MR": 198.63931554836972,
            "MRR": 0.41574757906872006
        },
        "DE_DistMult": {
            "HIT1": 0.2565346267852331,
            "HIT3": 0.422931824306117,
            "HIT10": 0.5742387496631636,
            "MR": 186.0090272163837,
            "MRR": 0.3670619644590303
        },
        "TimePlex": {
            "HIT1": 0.24090541632983023,
            "HIT3": 0.4009700889248181,
            "HIT10": 0.5780113177041228,
            "MR": 225.10772029102668,
            "MRR": 0.35337282210033927
        },
        "TFLEX": {
            "HIT1": 0.28940986257073564,
            "HIT3": 0.4725141471301536,
            "HIT10": 0.6147938561034761,
            "MR": 274.4179466451091,
            "MRR": 0.4044901127756212
        }
    },
    "dense_time_predictions": {
        "DE_TransE": {
            "HIT1": 0.04082457558609539,
            "HIT3": 0.10064672594987874,
            "HIT10": 0.19927243330638642,
            "MR": 113.35206143896524,
            "MRR": 0.09705010837269565
        },
        "DE_SimplE": {
            "HIT1": 0.024252223120452707,
            "HIT3": 0.07558609539207761,
            "HIT10": 0.18593371059013744,
            "MR": 120.13096200485045,
            "MRR": 0.07709193866204046
        },
        "TERO": {
            "HIT1": 0.11802748585286985,
            "HIT3": 0.20088924818108328,
            "HIT10": 0.2877930476960388,
            "MR": 105.66248989490704,
            "MRR": 0.18100162773575854
        },
        "ATISE": {
            "HIT1": 0.11115602263540825,
            "HIT3": 0.11115602263540825,
            "HIT10": 0.30355699272433306,
            "MR": 97.43330638641875,
            "MRR": 0.15966836950497798
        },
        "TFLEX": {
            "HIT1": 0.0004042037186742118,
            "HIT3": 0.011721907841552142,
            "HIT10": 0.03799514955537591,
            "MR": 145.5767987065481,
            "MRR": 0.02145965481629766
        },
        "DE_DistMult": {
            "HIT1": 0.023039611964430072,
            "HIT3": 0.07558609539207761,
            "HIT10": 0.19078415521422798,
            "MR": 114.96038803556992,
            "MRR": 0.07832647230316837
        },
        "TimePlex": {
            "HIT1": 0.0032336297493936943,
            "HIT3": 0.010913500404203719,
            "HIT10": 0.03112368633791431,
            "MR": 180.4717057396928,
            "MRR": 0.01926334378319624
        }
    },
    "dense_head_relation_tail_predictions": {
        "DE_TransE": {
            "HIT1": 0.10670978172999192,
            "HIT3": 0.36095392077607114,
            "HIT10": 0.5556453786041499,
            "MR": 127.86297493936944,
            "MRR": 0.26825329844142465
        },
        "DE_SimplE": {
            "HIT1": 0.294529776340609,
            "HIT3": 0.46685529506871465,
            "HIT10": 0.6180274858528698,
            "MR": 153.70897332255456,
            "MRR": 0.40685787842356086
        },
        "TERO": {
            "HIT1": 0.3036917272972245,
            "HIT3": 0.5146860684451631,
            "HIT10": 0.6856642414443547,
            "MR": 156.4997305308542,
            "MRR": 0.4367799132437759
        },
        "ATISE": {
            "HIT1": 0.2840204796550795,
            "HIT3": 0.49232012934519,
            "HIT10": 0.662759364052816,
            "MR": 198.63931554836972,
            "MRR": 0.41574757906872006
        },
        "DE_DistMult": {
            "HIT1": 0.2565346267852331,
            "HIT3": 0.422931824306117,
            "HIT10": 0.5742387496631636,
            "MR": 186.0090272163837,
            "MRR": 0.3670619644590303
        },
        "TimePlex": {
            "HIT1": 0.24090541632983023,
            "HIT3": 0.4009700889248181,
            "HIT10": 0.5780113177041228,
            "MR": 225.10772029102668,
            "MRR": 0.35337282210033927
        },
        "TFLEX": {
            "HIT1": 0.28940986257073564,
            "HIT3": 0.4725141471301536,
            "HIT10": 0.6147938561034761,
            "MR": 274.4179466451091,
            "MRR": 0.4044901127756212
        }
    },
    "sparse": {
        "DE_TransE": {
            "HIT1": 0.12202781516375057,
            "HIT3": 0.38627187079407804,
            "HIT10": 0.5799312098100793,
            "MR": 125.1031852848811,
            "MRR": 0.288975047038185
        },
        "DE_SimplE": {
            "HIT1": 0.32570659488559894,
            "HIT3": 0.4933452968446239,
            "HIT10": 0.6506654703155376,
            "MR": 138.30312546732466,
            "MRR": 0.43649808014917424
        },
        "TERO": {
            "HIT1": 0.3309406310752206,
            "HIT3": 0.5437415881561238,
            "HIT10": 0.7131748168087334,
            "MR": 149.30133094063106,
            "MRR": 0.4638515978954933
        },
        "ATISE": {
            "HIT1": 0.31105129355465827,
            "HIT3": 0.5075519665021684,
            "HIT10": 0.6823687752355316,
            "MR": 186.14161806490205,
            "MRR": 0.43796247501514207
        },
        "DE_DistMult": {
            "HIT1": 0.2886197098848512,
            "HIT3": 0.4474353222670854,
            "HIT10": 0.6011664423508299,
            "MR": 176.1129056378047,
            "MRR": 0.3951027177756937
        },
        "TimePlex": {
            "HIT1": 0.26783310901749663,
            "HIT3": 0.4295648272768057,
            "HIT10": 0.6013907581875281,
            "MR": 204.55406011664422,
            "MRR": 0.38071390423471957
        },
        "TFLEX": {
            "HIT1": 0.32391206819201435,
            "HIT3": 0.5015702108568865,
            "HIT10": 0.6415432929564827,
            "MR": 283.55540601166445,
            "MRR": 0.43557849062398113
        }
    },
    "sparse_time_predictions": {
        "DE_TransE": {
            "HIT1": 0.0462090623598026,
            "HIT3": 0.1031852848811126,
            "HIT10": 0.19605204127411396,
            "MR": 112.19291161956033,
            "MRR": 0.10062670345785349
        },
        "DE_SimplE": {
            "HIT1": 0.02826379542395693,
            "HIT3": 0.08748317631224764,
            "HIT10": 0.19246298788694483,
            "MR": 115.43427545984747,
            "MRR": 0.08628911037289444
        },
        "TERO": {
            "HIT1": 0.10856886496186631,
            "HIT3": 0.1879766711529834,
            "HIT10": 0.2772543741588156,
            "MR": 115.57155675190668,
            "MRR": 0.17090463367384595
        },
        "ATISE": {
            "HIT1": 0.09421265141318977,
            "HIT3": 0.09421265141318977,
            "HIT10": 0.30372364288918796,
            "MR": 98.82413638402872,
            "MRR": 0.1464681886067819
        },
        "TFLEX": {
            "HIT1": 0.004486316733961417,
            "HIT3": 0.00986989681471512,
            "HIT10": 0.02512337371018394,
            "MR": 221.44638851502916,
            "MRR": 0.01607329863694043
        },
        "DE_DistMult": {
            "HIT1": 0.03319874383131449,
            "HIT3": 0.09825033647375504,
            "HIT10": 0.20592193808882908,
            "MR": 113.32884701659937,