{
    "DE_TransE": 90.51411357804307,
    "DE_SimplE": 93.66473279036038,
    "DE_DistMult": 87.90427312283833
}