{
    "dense": {
        "DE_TransE": {
            "HIT1": 0.10670978172999192,
            "HIT3": 0.36095392077607114,
            "HIT10": 0.5556453786041499,
            "MR": 127.86297493936944,
            "MRR": 0.26825329844142465
        },
        "DE_SimplE": {
            "HIT1": 0.294529776340609,
            "HIT3": 0.46685529506871465,
            "HIT10": 0.6180274858528698,
            "MR": 153.70897332255456,
            "MRR": 0.40685787842356086
        },
        "TERO": {
            "HIT1": 0.3036917272972245,
            "HIT3": 0.5146860684451631,
            "HIT10": 0.6856642414443547,
            "MR": 156.4997305308542,
            "MRR": 0.4367799132437759
        },
        "ATISE": {
            "HIT1": 0.2840204796550795,
            "HIT3": 0.49232012934519,
            "HIT10": 0.662759364052816,
            "MR": 198.63931554836972,
            "MRR": 0.41574757906872006
        },
        "DE_DistMult": {
            "HIT1": 0.2565346267852331,
            "HIT3": 0.422931824306117,
            "HIT10": 0.5742387496631636,
            "MR": 186.0090272163837,
            "MRR": 0.3670619644590303
        },
        "TimePlex": {
            "HIT1": 0.24090541632983023,
            "HIT3": 0.4009700889248181,
            "HIT10": 0.5780113177041228,
            "MR": 225.10772029102668,
            "MRR": 0.35337282210033927
        },
        "TFLEX": {
            "HIT1": 0.28940986257073564,
            "HIT3": 0.4725141471301536,
            "HIT10": 0.6147938561034761,
            "MR": 274.4179466451091,
            "MRR": 0.4044901127756212
        }
    },
    "sparse": {
        "DE_TransE": {
            "HIT1": 0.12202781516375057,
            "HIT3": 0.38627187079407804,
            "HIT10": 0.5799312098100793,
            "MR": 125.1031852848811,
            "MRR": 0.288975047038185
        },
        "DE_SimplE": {
            "HIT1": 0.32570659488559894,
            "HIT3": 0.4933452968446239,
            "HIT10": 0.6506654703155376,
            "MR": 138.30312546732466,
            "MRR": 0.43649808014917424
        },
        "TERO": {
            "HIT1": 0.3309406310752206,
            "HIT3": 0.5437415881561238,
            "HIT10": 0.7131748168087334,
            "MR": 149.30133094063106,
            "MRR": 0.4638515978954933
        },
        "ATISE": {
            "HIT1": 0.31105129355465827,
            "HIT3": 0.5075519665021684,
            "HIT10": 0.6823687752355316,
            "MR": 186.14161806490205,
            "MRR": 0.43796247501514207
        },
        "DE_DistMult": {
            "HIT1": 0.2886197098848512,
            "HIT3": 0.4474353222670854,
            "HIT10": 0.6011664423508299,
            "MR": 176.1129056378047,
            "MRR": 0.3951027177756937
        },
        "TimePlex": {
            "HIT1": 0.26783310901749663,
            "HIT3": 0.4295648272768057,
            "HIT10": 0.6013907581875281,
            "MR": 204.55406011664422,
            "MRR": 0.38071390423471957
        },
        "TFLEX": {
            "HIT1": 0.32391206819201435,
            "HIT3": 0.5015702108568865,
            "HIT10": 0.6415432929564827,
            "MR": 283.55540601166445,
            "MRR": 0.43557849062398113
        }
    }
}