{
    "DE_TransE": 90.51411357804307,
    "DE_SimplE": 93.66473279036038,
    "DE_DistMult": 87.90427312283833,
    "TERO": 129.7520919335044,
    "ATISE": 137.3856967533192,
    "TimePlex": 122.8111123507754
}