{
    "dense": {
        "DE_TransE": {
            "HIT1": 0.11004491629236424,
            "HIT3": 0.3683816523751191,
            "HIT10": 0.5572342452701783,
            "MR": 136.72410507690213,
            "MRR": 0.27195570526383517
        },
        "DE_SimplE": {
            "HIT1": 0.30434190826187557,
            "HIT3": 0.47699741391043965,
            "HIT10": 0.6297128079488227,
            "MR": 160.42976725193958,
            "MRR": 0.41678686448276636
        },
        "TERO": {
            "HIT1": 0.31175990200081666,
            "HIT3": 0.523274806043283,
            "HIT10": 0.6890567578603511,
            "MR": 160.65434871376073,
            "MRR": 0.44432984664059083
        },
        "ATISE": {
            "HIT1": 0.2968558595345039,
            "HIT3": 0.4995236150809854,
            "HIT10": 0.6627875323261195,
            "MR": 208.55076902136926,
            "MRR": 0.4252532059252007
        },
        "DE_DistMult": {
            "HIT1": 0.26847692935892203,
            "HIT3": 0.43310194637266913,
            "HIT10": 0.583707635769702,
            "MR": 194.75765618619846,
            "MRR": 0.3778688696362852
        },
        "TFLEX": {
            "HIT1": 0.3031849734585545,
            "HIT3": 0.47795018374846876,
            "HIT10": 0.6235198040016333,
            "MR": 283.61045324622296,
            "MRR": 0.41518607908162647
        }
    },
    "sparse": {
        "DE_TransE": {
            "HIT1": 0.11562115621156212,
            "HIT3": 0.37843378433784336,
            "HIT10": 0.5735957359573596,
            "MR": 129.05346453464534,
            "MRR": 0.2814978341430574
        },
        "DE_SimplE": {
            "HIT1": 0.32324723247232473,
            "HIT3": 0.4897908979089791,
            "HIT10": 0.6429684296842968,
            "MR": 149.70610906109061,
            "MRR": 0.4328726610658772
        },
        "TERO": {
            "HIT1": 0.3257892578925789,
            "HIT3": 0.5389913899138992,
            "HIT10": 0.7041410414104141,
            "MR": 156.23353833538334,
            "MRR": 0.4588175114021351
        },
        "ATISE": {
            "HIT1": 0.3106191061910619,
            "HIT3": 0.5061910619106191,
            "HIT10": 0.6708487084870849,
            "MR": 208.3729397293973,
            "MRR": 0.43549870682712144
        },
        "DE_DistMult": {
            "HIT1": 0.28437884378843786,
            "HIT3": 0.44108241082410826,
            "HIT10": 0.5917179171791718,
            "MR": 188.67035670356702,
            "MRR": 0.38943291212715164
        },
        "TFLEX": {
            "HIT1": 0.3202952029520295,
            "HIT3": 0.4988929889298893,
            "HIT10": 0.6400984009840098,
            "MR": 289.8642066420664,
            "MRR": 0.43263217378511726
        }
    }
}