{
    "DE_TransE": {
        "HIT1": 0.20586801040312094,
        "HIT3": 0.3125812743823147,
        "HIT10": 0.37947009102730817,
        "MR": 1344.315344603381,
        "MRR": 0.2722154861512923
    },
    "DE_SimplE": {
        "HIT1": 0.16514954486345904,
        "HIT3": 0.22025357607282184,
        "HIT10": 0.34492847854356307,
        "MR": 1678.6955461638493,
        "MRR": 0.2135523351637587
    },
    "TERO": {
        "HIT1": 0.20529908972691807,
        "HIT3": 0.3011215864759428,
        "HIT10": 0.4266905071521456,
        "MR": 907.0530721716515,
        "MRR": 0.2792125328321544
    },
    "ATISE": {
        "HIT1": 0.22098504551365408,
        "HIT3": 0.31038686605981797,
        "HIT10": 0.39808192457737324,
        "MR": 976.6739271781535,
        "MRR": 0.2852507265769301
    }
}