{
    "DE_TransE": {
        "HIT1": 0.20586801040312094,
        "HIT3": 0.3125812743823147,
        "HIT10": 0.37947009102730817,
        "MR": 1344.315344603381,
        "MRR": 0.2722154861512923
    },
    "DE_SimplE": {
        "HIT1": 0.16514954486345904,
        "HIT3": 0.22025357607282184,
        "HIT10": 0.34492847854356307,
        "MR": 1678.6955461638493,
        "MRR": 0.2135523351637587
    }
}