{
    "DE_TransE": {
        "HIT1": 0.09996652906392949,
        "HIT3": 0.4309940868012942,
        "HIT10": 0.6679683141805199,
        "MR": 190.59779091821935,
        "MRR": 0.3005249890740837
    },
    "DE_SimplE": {
        "HIT1": 0.3619323887091376,
        "HIT3": 0.5522704451634497,
        "HIT10": 0.7123730893673993,
        "MR": 217.36974227379227,
        "MRR": 0.48168727741357964
    },
    "DE_DistMult": {
        "HIT1": 0.34218453642753544,
        "HIT3": 0.5279482316188776,
        "HIT10": 0.684703782215776,
        "MR": 274.54635724645766,
        "MRR": 0.4595339060848753
    },
    "TERO": {
        "HIT1": 0.38525047417159436,
        "HIT3": 0.5739149838223809,
        "HIT10": 0.7095838446948566,
        "MR": 238.29621778422404,
        "MRR": 0.5000763020862025
    },
    "ATISE": {
        "HIT1": 0.3833537877942653,
        "HIT3": 0.586410799955372,
        "HIT10": 0.7279928595336382,
        "MR": 307.1511770612518,
        "MRR": 0.5054803286086862
    },
    "TimePlex": {
        "HIT1": 0.23429655249358475,
        "HIT3": 0.3922793707464019,
        "HIT10": 0.5607497489679795,
        "MR": 255.3021309829298,
        "MRR": 0.34477488263223893
    },
    "ensemble_naive_voting": {
        "HIT1": 0.37398192569452193,
        "HIT3": 0.536539105210309,
        "HIT10": 0.6822492469039384,
        "MR": 137.42775856298115,
        "MRR": 0.47813887917128317
    },
    "ensemble_decision_tree": {
        "HIT1": 0.425750306816914,
        "HIT3": 0.6120718509427647,
        "HIT10": 0.7561084458328685,
        "MR": 178.52750195247128,
        "MRR": 0.5405791525171806
    }
}