{
    "TimePlex": {
        "HIT1": 0.23440812228048644,
        "HIT3": 0.3923909405333036,
        "HIT10": 0.5610844583286846,
        "MR": 255.29733348209305,
        "MRR": 0.34487437846546964
    }
}