{
    "DE_TransE": {
        "HIT1": 0.09996652906392949,
        "HIT3": 0.4309940868012942,
        "HIT10": 0.6679683141805199,
        "MR": 190.59767934843245,
        "MRR": 0.30052498907664305
    },
    "DE_SimplE": {
        "HIT1": 0.3619323887091376,
        "HIT3": 0.5522704451634497,
        "HIT10": 0.7123730893673993,
        "MR": 217.36974227379227,
        "MRR": 0.48168727741357964
    }
}