{
    "DE_TransE": {
        "HIT1": 1.0497949619214997,
        "HIT3": 1.4120442291876085,
        "HIT10": 1.4119450504097637,
        "MR": 190.59767934843245,
        "MRR": 1.2958925415628926
    },
    "DE_SimplE": {
        "HIT1": 1.4983833718244803,
        "HIT3": 1.444833625218914,
        "HIT10": 1.3591613006226386,
        "MR": 217.36974227379227,
        "MRR": 1.4225127769890935
    }
}