{
    "DE_TransE": {
        "HIT1": 1.4001171646162858,
        "HIT3": 0.683176459837339,
        "HIT10": 0.6657626319202877,
        "MR": 41.295883074863326,
        "MRR": 0.8828941936757357
    },
    "DE_SimplE": {
        "HIT1": 0.738568129330254,
        "HIT3": 0.7670753064798598,
        "HIT10": 0.8582832206907562,
        "MR": 49.747517572241435,
        "MRR": 0.7945680394923718
    }
}