{
    "DE_TransE": {
        "HIT1": 0.13332589534753989,
        "HIT3": 0.20852393171929043,
        "HIT10": 0.3149615084235189,
        "MR": 41.295883074863326,
        "MRR": 0.204748279197774
    },
    "DE_SimplE": {
        "HIT1": 0.1784000892558295,
        "HIT3": 0.293205399977686,
        "HIT10": 0.4498493807876827,
        "MR": 49.747517572241435,
        "MRR": 0.26905439575244017
    }
}