{
    "DE_TransE": {
        "HIT1": 0.13332589534753989,
        "HIT3": 0.20852393171929043,
        "HIT10": 0.3149615084235189,
        "MR": 41.295883074863326,
        "MRR": 0.204748279197774
    },
    "DE_SimplE": {
        "HIT1": 0.1784000892558295,
        "HIT3": 0.293205399977686,
        "HIT10": 0.4498493807876827,
        "MR": 49.747517572241435,
        "MRR": 0.26905439575244017
    },
    "DE_DistMult": {
        "HIT1": 0.0968425750306817,
        "HIT3": 0.2036148610956153,
        "HIT10": 0.35858529510208637,
        "MR": 52.92747963851389,
        "MRR": 0.18564274192135086
    },
    "TERO": {
        "HIT1": 0.30313511101193796,
        "HIT3": 0.5145598571906728,
        "HIT10": 0.7460671650117148,
        "MR": 14.050541113466473,
        "MRR": 0.4477805566313134
    },
    "ATISE": {
        "HIT1": 0.21042061809661944,
        "HIT3": 0.4029900702889658,
        "HIT10": 0.6448733682918666,
        "MR": 19.054669195581837,
        "MRR": 0.34965468404275624
    },
    "ensemble_naive_voting": {
        "HIT1": 0.21276358362155529,
        "HIT3": 0.2638625460225371,
        "HIT10": 0.3825727992859534,
        "MR": 61.58127858975789,
        "MRR": 0.2696836113577028
    },
    "ensemble_decision_tree": {
        "HIT1": 0.3295771505076425,
        "HIT3": 0.4910186321544126,
        "HIT10": 0.7093607051210532,
        "MR": 15.43333705232623,
        "MRR": 0.4516361928995324
    }
}