{
    "DE_TransE": {
        "HIT1": 0.10442932053999777,
        "HIT3": 0.47930380452973337,
        "HIT10": 0.7110342519245788,
        "MR": 167.8421287515341,
        "MRR": 0.3235768065354983
    },
    "DE_SimplE": {
        "HIT1": 0.39841570902599577,
        "HIT3": 0.6029231284168247,
        "HIT10": 0.7449514671426978,
        "MR": 199.5815017293317,
        "MRR": 0.5215051513802474
    }
}