{
    "TimePlex": {
        "HIT1": 0.2795938859756778,
        "HIT3": 0.44293205399977686,
        "HIT10": 0.6141916768938971,
        "MR": 206.8307486332701,
        "MRR": 0.3912369567182587
    }
}