{
    "DE_TransE": {
        "HIT1": 1.0966608084358525,
        "HIT3": 1.5703189253404004,
        "HIT10": 1.5029774187842697,
        "MR": 167.8421287515341,
        "MRR": 1.3952941866845943
    },
    "DE_SimplE": {
        "HIT1": 1.6494226327944572,
        "HIT3": 1.577349678925861,
        "HIT10": 1.4213187164067906,
        "MR": 199.5815017293317,
        "MRR": 1.540102418912506
    }
}