{
    "TimePlex": {
        "HIT1": 0.0035702331808546246,
        "HIT3": 0.009483431886645096,
        "HIT10": 0.028896574807542118,
        "MR": 183.6394064487337,
        "MRR": 0.018692581606410706
    }
}