{
    "DE_TransE": {
        "HIT1": 0.04317750753096061,
        "HIT3": 0.10208635501506193,
        "HIT10": 0.19837108111123508,
        "MR": 112.66361709249135,
        "MRR": 0.09877310207544412
    },
    "DE_SimplE": {
        "HIT1": 0.027446167577819928,
        "HIT3": 0.08055338614303247,
        "HIT10": 0.1893339283721968,
        "MR": 116.5880843467589,
        "MRR": 0.08222193019657349
    },
    "DE_DistMult": {
        "HIT1": 0.029008144594443824,
        "HIT3": 0.08680129420952806,
        "HIT10": 0.19747852281602143,
        "MR": 114.47327903603704,
        "MRR": 0.0861250207110118
    },
    "TERO": {
        "HIT1": 0.11435903157424969,
        "HIT3": 0.19502398750418387,
        "HIT10": 0.28204842128751534,
        "MR": 110.86332701104541,
        "MRR": 0.1763083747660751
    },
    "ATISE": {
        "HIT1": 0.0,
        "HIT3": 0.09728885417828852,
        "HIT10": 0.26419725538324224,
        "MR": 100.0399419837108,
        "MRR": 0.09295908244005585
    },
    "TimePlex": {
        "HIT1": 0.0035702331808546246,
        "HIT3": 0.009483431886645096,
        "HIT10": 0.028896574807542118,
        "MR": 183.63684034363493,
        "MRR": 0.018690815019566067
    },
    "ensemble_naive_voting": {
        "HIT1": 0.04016512328461452,
        "HIT3": 0.10699542563873703,
        "HIT10": 0.21097846703112796,
        "MR": 118.14113578043066,
        "MRR": 0.09893972256548945
    },
    "ensemble_decision_tree": {
        "HIT1": 0.07062367510878054,
        "HIT3": 0.12785897578935623,
        "HIT10": 0.25616423072631933,
        "MR": 101.84034363494365,
        "MRR": 0.13124983508953292
    }
}