{
    "DE_TransE": {
        "HIT1": 0.04317750753096061,
        "HIT3": 0.10208635501506193,
        "HIT10": 0.19837108111123508,
        "MR": 112.66361709249135,
        "MRR": 0.09877310207544412
    },
    "DE_SimplE": {
        "HIT1": 0.027446167577819928,
        "HIT3": 0.08055338614303247,
        "HIT10": 0.1893339283721968,
        "MR": 116.5880843467589,
        "MRR": 0.08222193019657349
    }
}