{
    "DE_TransE": {
        "HIT1": 0.453427065026362,
        "HIT3": 0.3344603856346523,
        "HIT10": 0.4193148988856789,
        "MR": 112.66361709249135,
        "MRR": 0.4259190780769135
    },
    "DE_SimplE": {
        "HIT1": 0.11362586605080832,
        "HIT3": 0.21074138937536485,
        "HIT10": 0.3612367622798148,
        "MR": 116.5880843467589,
        "MRR": 0.2428167646057778
    }
}