{
    "facts_in_class": 15668,
    "facts_not_in_class": 580,
    "anti-symmetric": {
        "DE_TransE": {
            "HIT1": 0.07650412730831418,
            "HIT3": 0.15232746149263893,
            "HIT10": 0.2881456897285337,
            "MR": 520.8098885201259,
            "MRR": 0.14354785933055256
        },
        "DE_SimplE": {
            "HIT1": 0.08024848949025615,
            "HIT3": 0.15164666836864948,
            "HIT10": 0.2743596289677474,
            "MR": 655.1719853629478,
            "MRR": 0.14226195022971092
        },
        "DE_DistMult": {
            "HIT1": 0.07939749808526934,
            "HIT3": 0.14909369415368906,
            "HIT10": 0.2574249000085099,
            "MR": 729.7096417326185,
            "MRR": 0.13713817885921326
        },
        "TERO": {
            "HIT1": 0.15547612969109012,
            "HIT3": 0.2878903923070377,
            "HIT10": 0.4943409071568377,
            "MR": 244.3923070376989,
            "MRR": 0.2615888515363001
        },
        "ATISE": {
            "HIT1": 0.12926559441749638,
            "HIT3": 0.27018977108331205,
            "HIT10": 0.46515190196579015,
            "MR": 303.8255467619777,
            "MRR": 0.23580546795669038
        },
        "TimePlex": {
            "HIT1": 0.1321802399795762,
            "HIT3": 0.26353076333929026,
            "HIT10": 0.4916390094460046,
            "MR": 164.04971917283635,
            "MRR": 0.24255045922420598
        }
    },
    "not anti-symmetric": {
        "DE_TransE": {
            "HIT1": 0.03908045977011494,
            "HIT3": 0.0896551724137931,
            "HIT10": 0.31724137931034485,
            "MR": 439.5586206896552,
            "MRR": 0.11348655541522568
        },
        "DE_SimplE": {
            "HIT1": 0.03218390804597701,
            "HIT3": 0.12413793103448276,
            "HIT10": 0.3310344827586207,
            "MR": 752.3678160919541,
            "MRR": 0.1159008543026777
        },
        "DE_DistMult": {
            "HIT1": 0.03218390804597701,
            "HIT3": 0.12873563218390804,
            "HIT10": 0.3080459770114943,
            "MR": 794.4183908045977,
            "MRR": 0.1181902367001829
        },
        "TERO": {
            "HIT1": 0.14482758620689656,
            "HIT3": 0.2620689655172414,
            "HIT10": 0.503448275862069,
            "MR": 277.9862068965517,
            "MRR": 0.2451045271818535
        },
        "ATISE": {
            "HIT1": 0.1103448275862069,
            "HIT3": 0.2160919540229885,
            "HIT10": 0.4045977011494253,
            "MR": 227.3425287356322,
            "MRR": 0.20470422351224724
        },
        "TimePlex": {
            "HIT1": 0.09310344827586207,
            "HIT3": 0.2120689655172414,
            "HIT10": 0.3775862068965517,
            "MR": 206.16724137931035,
            "MRR": 0.18863754568794883
        }
    }
}