{
    "reflexive": {},
    "not reflexive": {
        "DE_TransE": {
            "HIT1": 0.07516822583292303,
            "HIT3": 0.15009026752010504,
            "HIT10": 0.28918430986377813,
            "MR": 517.9094862957493,
            "MRR": 0.14247476994903518
        },
        "DE_SimplE": {
            "HIT1": 0.07853274249138356,
            "HIT3": 0.15066469719350073,
            "HIT10": 0.27638273428524535,
            "MR": 658.6415558838011,
            "MRR": 0.14132094606687978
        },
        "DE_DistMult": {
            "HIT1": 0.07771212867224685,
            "HIT3": 0.14836697849991795,
            "HIT10": 0.259231905465288,
            "MR": 732.0195306088955,
            "MRR": 0.13646179983088705
        }
    }
}