{
    "facts_in_class": 11751,
    "facts_not_in_class": 435,
    "anti-symmetric": {
        "DE_TransE": {
            "HIT1": 0.07650412730831418,
            "HIT3": 0.15232746149263893,
            "HIT10": 0.2881456897285337,
            "MR": 520.8098885201259,
            "MRR": 0.14354785933055256
        },
        "DE_SimplE": {
            "HIT1": 0.08024848949025615,
            "HIT3": 0.15164666836864948,
            "HIT10": 0.2743596289677474,
            "MR": 655.1719853629478,
            "MRR": 0.14226195022971092
        },
        "DE_DistMult": {
            "HIT1": 0.07939749808526934,
            "HIT3": 0.14909369415368906,
            "HIT10": 0.2574249000085099,
            "MR": 729.7096417326185,
            "MRR": 0.13713817885921326
        }
    },
    "not anti-symmetric": {
        "DE_TransE": {
            "HIT1": 0.03908045977011494,
            "HIT3": 0.0896551724137931,
            "HIT10": 0.31724137931034485,
            "MR": 439.5586206896552,
            "MRR": 0.11348655541522568
        },
        "DE_SimplE": {
            "HIT1": 0.03218390804597701,
            "HIT3": 0.12413793103448276,
            "HIT10": 0.3310344827586207,
            "MR": 752.3678160919541,
            "MRR": 0.1159008543026777
        },
        "DE_DistMult": {
            "HIT1": 0.03218390804597701,
            "HIT3": 0.12873563218390804,
            "HIT10": 0.3080459770114943,
            "MR": 794.4183908045977,
            "MRR": 0.1181902367001829
        }
    }
}