{
    "facts_in_class": 0,
    "facts_not_in_class": 16248,
    "symmetric": {},
    "not symmetric": {
        "DE_TransE": {
            "HIT1": 0.07516822583292303,
            "HIT3": 0.15009026752010504,
            "HIT10": 0.28918430986377813,
            "MR": 517.9094862957493,
            "MRR": 0.14247476994903518
        },
        "DE_SimplE": {
            "HIT1": 0.07853274249138356,
            "HIT3": 0.15066469719350073,
            "HIT10": 0.27638273428524535,
            "MR": 658.6415558838011,
            "MRR": 0.14132094606687978
        },
        "DE_DistMult": {
            "HIT1": 0.07771212867224685,
            "HIT3": 0.14836697849991795,
            "HIT10": 0.259231905465288,
            "MR": 732.0195306088955,
            "MRR": 0.13646179983088705
        },
        "TERO": {
            "HIT1": 0.155096011816839,
            "HIT3": 0.28696865255210896,
            "HIT10": 0.49466601017561135,
            "MR": 245.59149844083373,
            "MRR": 0.26100041553644904
        },
        "ATISE": {
            "HIT1": 0.12859018545872314,
            "HIT3": 0.2682586574757919,
            "HIT10": 0.4629903167569342,
            "MR": 301.0953553257837,
            "MRR": 0.23469525612890976
        },
        "TimePlex": {
            "HIT1": 0.13078532742491383,
            "HIT3": 0.2616937469226982,
            "HIT10": 0.48756770064007876,
            "MR": 165.55317577548007,
            "MRR": 0.24062594606252244
        }
    }
}