{
    "DE_TransE": {
        "HIT1": 0.2777641878669276,
        "HIT3": 0.36627527723418135,
        "HIT10": 0.4553979125896934,
        "MR": 728.8648891063275,
        "MRR": 0.34000721715705284
    },
    "DE_SimplE": {
        "HIT1": 0.24127527723418135,
        "HIT3": 0.32721787345075015,
        "HIT10": 0.41874592302674496,
        "MR": 791.6384540117417,
        "MRR": 0.30333152131179775
    }
}