{
    "DE_TransE": {
        "HIT1": 0.2777641878669276,
        "HIT3": 0.36627527723418135,
        "HIT10": 0.4553979125896934,
        "MR": 728.8648891063275,
        "MRR": 0.34000721715705284
    },
    "DE_SimplE": {
        "HIT1": 0.24127527723418135,
        "HIT3": 0.32721787345075015,
        "HIT10": 0.41874592302674496,
        "MR": 791.6384540117417,
        "MRR": 0.30333152131179775
    },
    "TERO": {
        "HIT1": 0.6290769732550554,
        "HIT3": 0.7755218525766471,
        "HIT10": 0.8517204827136334,
        "MR": 154.93513535551207,
        "MRR": 0.7138621214378867
    },
    "ATISE": {
        "HIT1": 0.5367335290280496,
        "HIT3": 0.7043786692759295,
        "HIT10": 0.8080560991519896,
        "MR": 140.11823222439662,
        "MRR": 0.6356858817528941
    }
}