{
    "DE_TransE": {
        "HIT1": 1.0332383665716998,
        "HIT3": 1.4150411139787527,
        "HIT10": 1.4272096717944744,
        "MR": 115.88163115356356,
        "MRR": 1.2986118889281812
    },
    "DE_SimplE": {
        "HIT1": 1.467837574119943,
        "HIT3": 1.4378647278293315,
        "HIT10": 1.3481616615211902,
        "MR": 176.17016899338722,
        "MRR": 1.4073534293775711
    }
}