{
    "DE_TransE": {
        "HIT1": 0.09992652461425422,
        "HIT3": 0.4330639235855988,
        "HIT10": 0.6765613519470978,
        "MR": 115.88163115356356,
        "MRR": 0.30216451910382897
    },
    "DE_SimplE": {
        "HIT1": 0.3592211609110948,
        "HIT3": 0.5521675238795004,
        "HIT10": 0.705878030859662,
        "MR": 176.17016899338722,
        "MRR": 0.47975397629017363
    },
    "TERO": {
        "HIT1": 0.3712711241734019,
        "HIT3": 0.5712711241734019,
        "HIT10": 0.7155767817781044,
        "MR": 164.87083027185892,
        "MRR": 0.4932383272431821
    },
    "ATISE": {
        "HIT1": 0.2600293901542983,
        "HIT3": 0.47259368111682587,
        "HIT10": 0.6778104335047759,
        "MR": 211.2715650257164,
        "MRR": 0.39751251243884284
    }
}