{
    "DE_TransE": {
        "HIT1": 0.13585598824393827,
        "HIT3": 0.20881704628949302,
        "HIT10": 0.3138868479059515,
        "MR": 42.196399706098454,
        "MRR": 0.20561360677141266
    },
    "DE_SimplE": {
        "HIT1": 0.19456282145481263,
        "HIT3": 0.31373989713445993,
        "HIT10": 0.47207935341660545,
        "MR": 46.00205731080088,
        "MRR": 0.2870517171097706
    }
}