{
    "DE_TransE": {
        "HIT1": 0.13585598824393827,
        "HIT3": 0.20881704628949302,
        "HIT10": 0.3138868479059515,
        "MR": 42.196399706098454,
        "MRR": 0.20561360677141266
    },
    "DE_SimplE": {
        "HIT1": 0.19456282145481263,
        "HIT3": 0.31373989713445993,
        "HIT10": 0.47207935341660545,
        "MR": 46.00205731080088,
        "MRR": 0.2870517171097706
    },
    "TERO": {
        "HIT1": 0.17501836884643646,
        "HIT3": 0.4053637031594416,
        "HIT10": 0.641807494489346,
        "MR": 25.68574577516532,
        "MRR": 0.33087666516359965
    },
    "ATISE": {
        "HIT1": 0.11976487876561352,
        "HIT3": 0.3162380602498163,
        "HIT10": 0.5776634827332844,
        "MR": 31.81550330639236,
        "MRR": 0.2659269486815848
    }
}