{
    "DE_TransE": {
        "HIT1": 1.4047483380816712,
        "HIT3": 0.6823119860752656,
        "HIT10": 0.6621459293990003,
        "MR": 42.196399706098454,
        "MRR": 0.8836652134760085
    },
    "DE_SimplE": {
        "HIT1": 0.7950161375065675,
        "HIT3": 0.8169903377020951,
        "HIT10": 0.9016278417064272,
        "MR": 46.00205731080088,
        "MRR": 0.8420633042107639
    }
}