{
    "DE_TransE": {
        "HIT1": 0.10778839088905216,
        "HIT3": 0.48229243203526817,
        "HIT10": 0.7112417340191036,
        "MR": 98.75495958853784,
        "MRR": 0.32552183746961566
    },
    "DE_SimplE": {
        "HIT1": 0.39485672299779573,
        "HIT3": 0.5933872152828802,
        "HIT10": 0.7361498897869214,
        "MR": 163.5218221895665,
        "MRR": 0.5155838483952053
    }
}