{
    "DE_TransE": {
        "HIT1": 1.1145299145299146,
        "HIT3": 1.575895804573555,
        "HIT10": 1.50036811717751,
        "MR": 98.75495958853784,
        "MRR": 1.3989945924078988
    },
    "DE_SimplE": {
        "HIT1": 1.613450424078661,
        "HIT3": 1.5452023342581076,
        "HIT10": 1.4059781083356724,
        "MR": 163.5218221895665,
        "MRR": 1.5124599962289877
    }
}