{
    "DE_TransE": {
        "HIT1": 0.10778839088905216,
        "HIT3": 0.48229243203526817,
        "HIT10": 0.7112417340191036,
        "MR": 98.75495958853784,
        "MRR": 0.32552183746961566
    },
    "DE_SimplE": {
        "HIT1": 0.39485672299779573,
        "HIT3": 0.5933872152828802,
        "HIT10": 0.7361498897869214,
        "MR": 163.5218221895665,
        "MRR": 0.5155838483952053
    },
    "TERO": {
        "HIT1": 0.40022042615723735,
        "HIT3": 0.6111682586333578,
        "HIT10": 0.7484937545922116,
        "MR": 142.45980896399706,
        "MRR": 0.5252438444416491
    },
    "ATISE": {
        "HIT1": 0.27964731814842025,
        "HIT3": 0.5120499632623071,
        "HIT10": 0.713078618662748,
        "MR": 193.67869213813373,
        "MRR": 0.42563392854801446
    }
}