{
    "DE_TransE": {
        "HIT1": 0.043277002204261575,
        "HIT3": 0.1,
        "HIT10": 0.19448934606906687,
        "MR": 115.1730345334313,
        "MRR": 0.097430832145382
    },
    "DE_SimplE": {
        "HIT1": 0.03027185892725937,
        "HIT3": 0.07678177810433505,
        "HIT10": 0.18023512123438648,
        "MR": 120.45973548861132,
        "MRR": 0.08117405573647266
    },
    "TERO": {
        "HIT1": 0.1783982365907421,
        "HIT3": 0.17883908890521674,
        "HIT10": 0.2891256429096253,
        "MR": 107.55341660543718,
        "MRR": 0.20822111118193068
    },
    "ATISE": {
        "HIT1": 0.07031594415870683,
        "HIT3": 0.07156502571638501,
        "HIT10": 0.14540778839088905,
        "MR": 141.24819985304921,
        "MRR": 0.09575877501848301
    }
}