{
    "DE_TransE": {
        "HIT1": 0.4474833808167142,
        "HIT3": 0.32675109537242664,
        "HIT10": 0.4102762816290154,
        "MR": 115.1730345334313,
        "MRR": 0.41872830518755555
    },
    "DE_SimplE": {
        "HIT1": 0.1236958642948285,
        "HIT3": 0.1999426002104659,
        "HIT10": 0.34423238843671067,
        "MR": 120.45973548861132,
        "MRR": 0.23812327018236903
    }
}