{
    "DE_TransE": {
        "HIT1": 0.043277002204261575,
        "HIT3": 0.1,
        "HIT10": 0.19448934606906687,
        "MR": 115.1730345334313,
        "MRR": 0.097430832145382
    },
    "DE_SimplE": {
        "HIT1": 0.03027185892725937,
        "HIT3": 0.07678177810433505,
        "HIT10": 0.18023512123438648,
        "MR": 120.45973548861132,
        "MRR": 0.08117405573647266
    }
}