{
    "DE_TransE": {
        "HIT1": 1.0315543435917411,
        "HIT3": 1.4383164863746527,
        "HIT10": 1.428680864102957,
        "MR": 111.76921381337252,
        "MRR": 1.3104735920058228
    },
    "DE_SimplE": {
        "HIT1": 1.4771599911157178,
        "HIT3": 1.4352863290301225,
        "HIT10": 1.3450540286994892,
        "MR": 166.7857457751653,
        "MRR": 1.4098606221825067
    }
}