{
    "DE_TransE": {
        "HIT1": 0.09728141072740631,
        "HIT3": 0.4469507714915503,
        "HIT10": 0.6851579720793534,
        "MR": 111.76921381337252,
        "MRR": 0.3060130826437023
    },
    "DE_SimplE": {
        "HIT1": 0.3664952240999265,
        "HIT3": 0.557531227038942,
        "HIT10": 0.711094783247612,
        "MR": 166.7857457751653,
        "MRR": 0.485840495935422
    }
}