{
    "DE_TransE": {
        "HIT1": 0.09728141072740631,
        "HIT3": 0.4469507714915503,
        "HIT10": 0.6851579720793534,
        "MR": 111.76921381337252,
        "MRR": 0.3060130826437023
    },
    "DE_SimplE": {
        "HIT1": 0.3664952240999265,
        "HIT3": 0.557531227038942,
        "HIT10": 0.711094783247612,
        "MR": 166.7857457751653,
        "MRR": 0.485840495935422
    },
    "TERO": {
        "HIT1": 0.3784717119764879,
        "HIT3": 0.5816311535635562,
        "HIT10": 0.7185892725936811,
        "MR": 155.21704628949303,
        "MRR": 0.4998850216977859
    },
    "ATISE": {
        "HIT1": 0.27413666421748717,
        "HIT3": 0.4789125642909625,
        "HIT10": 0.6789125642909625,
        "MR": 207.63688464364438,
        "MRR": 0.40864722143311377
    }
}