{
    "DE_TransE": {
        "HIT1": 1.4203350214257886,
        "HIT3": 0.6741147957675712,
        "HIT10": 0.6571165926152903,
        "MR": 40.37847171197649,
        "MRR": 0.8782083817981018
    },
    "DE_SimplE": {
        "HIT1": 0.8001776856444807,
        "HIT3": 0.8351066345108054,
        "HIT10": 0.911295646433411,
        "MR": 43.55363703159441,
        "MRR": 0.8537152656689496
    }
}