{
    "DE_TransE": {
        "HIT1": 0.1339456282145481,
        "HIT3": 0.209478324761205,
        "HIT10": 0.31513592946362967,
        "MR": 40.37847171197649,
        "MRR": 0.2050733839712357
    },
    "DE_SimplE": {
        "HIT1": 0.1985304922850845,
        "HIT3": 0.32439382806759737,
        "HIT10": 0.48177810433504775,
        "MR": 43.55363703159441,
        "MRR": 0.29419180983873955
    }
}