{
    "DE_TransE": {
        "HIT1": 1.1227113361901053,
        "HIT3": 1.569781876219188,
        "HIT10": 1.5094223992645932,
        "MR": 90.76994856722997,
        "MRR": 1.403728228389082
    },
    "DE_SimplE": {
        "HIT1": 1.603612941437773,
        "HIT3": 1.529673239703031,
        "HIT10": 1.4030089295021022,
        "MR": 157.59412196914033,
        "MRR": 1.5015285075403508
    }
}