{
    "DE_TransE": {
        "HIT1": 0.10587803085966202,
        "HIT3": 0.4878030859662013,
        "HIT10": 0.7238795003673769,
        "MR": 90.76994856722997,
        "MRR": 0.3277892854794874
    },
    "DE_SimplE": {
        "HIT1": 0.39786921381337254,
        "HIT3": 0.5941954445260837,
        "HIT10": 0.7417340191036003,
        "MR": 157.59412196914033,
        "MRR": 0.5174294134375389
    }
}