{
    "DE_TransE": {
        "HIT1": 0.4253992987923646,
        "HIT3": 0.31778684163858845,
        "HIT10": 0.4047801440171595,
        "MR": 114.95150624540778,
        "MRR": 0.40758979780659593
    },
    "DE_SimplE": {
        "HIT1": 0.11904938180202858,
        "HIT3": 0.19993379675604106,
        "HIT10": 0.34064139536499777,
        "MR": 118.94753857457752,
        "MRR": 0.23489560460794026
    }
}