{
    "DE_TransE": {
        "HIT1": 0.04011756061719324,
        "HIT3": 0.09875091844232183,
        "HIT10": 0.194121969140338,
        "MR": 114.95150624540778,
        "MRR": 0.09517766038307589
    },
    "DE_SimplE": {
        "HIT1": 0.029537105069801617,
        "HIT3": 0.07766348273328436,
        "HIT10": 0.18008817046289494,
        "MR": 118.94753857457752,
        "MRR": 0.0809454461243896
    }
}