{
    "DE_TransE": {
        "HIT1": 0.332892998678996,
        "HIT3": 0.47907390917186105,
        "HIT10": 0.6535362578334826,
        "MR": 984.1288323548597,
        "MRR": 0.48148197926787856
    },
    "DE_SimplE": {
        "HIT1": 0.38053396417708685,
        "HIT3": 0.49838026414153996,
        "HIT10": 0.671404926492065,
        "MR": 1147.3189823874754,
        "MRR": 0.5123562860524057
    }
}