{
    "DE_TransE": {
        "HIT1": 0.09246575342465753,
        "HIT3": 0.17547292889758642,
        "HIT10": 0.2976190476190476,
        "MR": 984.1288323548597,
        "MRR": 0.1637073478821412
    },
    "DE_SimplE": {
        "HIT1": 0.09181343770384866,
        "HIT3": 0.16307893020221786,
        "HIT10": 0.2811480756686236,
        "MR": 1147.3189823874754,
        "MRR": 0.15541381170193883
    },
    "TERO": {
        "HIT1": 0.5066862361382909,
        "HIT3": 0.6607958251793868,
        "HIT10": 0.7483692106979778,
        "MR": 303.2583170254403,
        "MRR": 0.5983506476939411
    },
    "ATISE": {
        "HIT1": 0.4277560339204175,
        "HIT3": 0.586105675146771,
        "HIT10": 0.7093933463796478,
        "MR": 175.13568166992823,
        "MRR": 0.5275712264361427
    }
}