{
    "DE_TransE": {
        "HIT1": 0.09246575342465753,
        "HIT3": 0.17547292889758642,
        "HIT10": 0.2976190476190476,
        "MR": 984.1288323548597,
        "MRR": 0.1637073478821412
    },
    "DE_SimplE": {
        "HIT1": 0.09181343770384866,
        "HIT3": 0.16307893020221786,
        "HIT10": 0.2811480756686236,
        "MR": 1147.3189823874754,
        "MRR": 0.15541381170193883
    }
}