{
    "DE_TransE": {
        "HIT1": 0.8703522504892368,
        "HIT3": 0.9722765818656229,
        "HIT10": 0.9900521852576647,
        "MR": 1.3630136986301369,
        "MRR": 0.9230200501431489
    },
    "DE_SimplE": {
        "HIT1": 0.746249184605349,
        "HIT3": 0.852576647097195,
        "HIT10": 0.9148727984344422,
        "MR": 2.9450424005218525,
        "MRR": 0.8116771918053982
    }
}