{
    "DE_TransE": {
        "HIT1": 0.8703522504892368,
        "HIT3": 0.9722765818656229,
        "HIT10": 0.9900521852576647,
        "MR": 1.3630136986301369,
        "MRR": 0.9230200501431489
    },
    "DE_SimplE": {
        "HIT1": 0.746249184605349,
        "HIT3": 0.852576647097195,
        "HIT10": 0.9148727984344422,
        "MR": 2.9450424005218525,
        "MRR": 0.8116771918053982
    },
    "TERO": {
        "HIT1": 0.9231898238747553,
        "HIT3": 0.9784735812133072,
        "HIT10": 0.9880952380952381,
        "MR": 1.4112850619699935,
        "MRR": 0.9526044672509525
    },
    "ATISE": {
        "HIT1": 0.8822570123939987,
        "HIT3": 0.9869536855838226,
        "HIT10": 0.9920091324200914,
        "MR": 1.3628506196999348,
        "MRR": 0.9345564000620602
    }
}