{
    "DE_TransE": {
        "HIT1": 3.133421400264201,
        "HIT3": 2.6544968833481746,
        "HIT10": 2.174037600716204,
        "MR": 1.3630136986301369,
        "MRR": 2.7147072284550844
    },
    "DE_SimplE": {
        "HIT1": 3.0929368029739774,
        "HIT3": 2.605532020931971,
        "HIT10": 2.1847921331905362,
        "MR": 2.9450424005218525,
        "MRR": 2.675874858950338
    }
}