{
    "DE_TransE": {
        "HIT1": 0.46499339498018494,
        "HIT3": 0.8040961709706145,
        "HIT10": 1.1033124440465534,
        "MR": 602.2278212654925,
        "MRR": 0.7330604397841338
    },
    "DE_SimplE": {
        "HIT1": 0.5231497127407908,
        "HIT3": 0.8916022925492151,
        "HIT10": 1.127446207769448,
        "MR": 998.4096542726679,
        "MRR": 0.7959258335696221
    }
}