{
    "DE_TransE": {
        "HIT1": 0.12915851272015655,
        "HIT3": 0.2945205479452055,
        "HIT10": 0.5024461839530333,
        "MR": 602.2278212654925,
        "MRR": 0.24924584013892864
    },
    "DE_SimplE": {
        "HIT1": 0.12622309197651663,
        "HIT3": 0.2917482061317678,
        "HIT10": 0.47211350293542076,
        "MR": 998.4096542726679,
        "MRR": 0.2414293939480342
    }
}