{
    "DE_TransE": {
        "HIT1": 0.01908023483365949,
        "HIT3": 0.0228310502283105,
        "HIT10": 0.03147423352902805,
        "MR": 1327.7398891063274,
        "MRR": 0.024055630464001724
    },
    "DE_SimplE": {
        "HIT1": 0.0008153946510110893,
        "HIT3": 0.0014677103718199608,
        "HIT10": 0.00684931506849315,
        "MR": 1017.8801369863014,
        "MRR": 0.0048056877918240416
    }
}