{
    "DE_TransE": {
        "HIT1": 0.01908023483365949,
        "HIT3": 0.0228310502283105,
        "HIT10": 0.03147423352902805,
        "MR": 1327.7398891063274,
        "MRR": 0.024055630464001724
    },
    "DE_SimplE": {
        "HIT1": 0.0008153946510110893,
        "HIT3": 0.0014677103718199608,
        "HIT10": 0.00684931506849315,
        "MR": 1017.8801369863014,
        "MRR": 0.0048056877918240416
    },
    "TERO": {
        "HIT1": 0.5212002609262884,
        "HIT3": 0.7110241356816699,
        "HIT10": 0.83382257012394,
        "MR": 90.52739726027397,
        "MRR": 0.6348767483602489
    },
    "ATISE": {
        "HIT1": 0.350293542074364,
        "HIT3": 0.5300065231572081,
        "HIT10": 0.7056425309849967,
        "MR": 260.00326157860405,
        "MRR": 0.4657178150077794
    }
}