{
    "DE_TransE": {
        "HIT1": 0.06869220607661823,
        "HIT3": 0.06233303650934995,
        "HIT10": 0.06911369740376007,
        "MR": 1327.7398891063274,
        "MRR": 0.07075035249293012
    },
    "DE_SimplE": {
        "HIT1": 0.003379520108144643,
        "HIT3": 0.00448542237727386,
        "HIT10": 0.016356732547950538,
        "MR": 1017.8801369863014,
        "MRR": 0.01584302142764854
    }
}