{
    "DE_TransE": {
        "HIT1": 0.27735649054142203,
        "HIT3": 0.3664791258969341,
        "HIT10": 0.45503098499673844,
        "MR": 715.4648564905415,
        "MRR": 0.34030085723726033
    },
    "DE_SimplE": {
        "HIT1": 0.24298760600130462,
        "HIT3": 0.3267694063926941,
        "HIT10": 0.4181751467710372,
        "MR": 775.8043868232224,
        "MRR": 0.30421547947288957
    },
    "TERO": {
        "HIT1": 0.33357795172863663,
        "HIT3": 0.44659165035877363,
        "HIT10": 0.5827217873450751,
        "MR": 524.3102576647098,
        "MRR": 0.4167935595183541
    },
    "ATISE": {
        "HIT1": 0.3017367906066536,
        "HIT3": 0.43260763209393344,
        "HIT10": 0.5577299412915852,
        "MR": 443.0232387475538,
        "MRR": 0.3901276297540677
    }
}