{
    "DE_TransE": {
        "HIT1": 0.2848937747035573,
        "HIT3": 0.36116600790513836,
        "HIT10": 0.4664649209486166,
        "MR": 388.8233695652174,
        "MRR": 0.3454368322688525
    },
    "DE_SimplE": {
        "HIT1": 0.2680953557312253,
        "HIT3": 0.34689970355731226,
        "HIT10": 0.45053112648221344,
        "MR": 492.96671195652175,
        "MRR": 0.32914221189797305
    },
    "DE_DistMult": {
        "HIT1": 0.2571022727272727,
        "HIT3": 0.3388092885375494,
        "HIT10": 0.4344120553359684,
        "MR": 549.5763957509881,
        "MRR": 0.31761179008125884
    },
    "TERO": {
        "HIT1": 0.3336833003952569,
        "HIT3": 0.45818922924901184,
        "HIT10": 0.6164772727272727,
        "MR": 185.4512104743083,
        "MRR": 0.4265464109674305
    },
    "ATISE": {
        "HIT1": 0.30842391304347827,
        "HIT3": 0.44750494071146246,
        "HIT10": 0.5960968379446641,
        "MR": 226.28013833992094,
        "MRR": 0.405772500989539
    },
    "TimePlex": {
        "HIT1": 0.14212695795548227,
        "HIT3": 0.27328936521022257,
        "HIT10": 0.48829348722176424,
        "MR": 198.38549051937346,
        "MRR": 0.24997218526729445
    },
    "ensemble_naive_voting": {
        "HIT1": 0.3317070158102767,
        "HIT3": 0.44608448616600793,
        "HIT10": 0.5935029644268774,
        "MR": 80.70837450592886,
        "MRR": 0.41912967045798977
    },
    "ensemble_decision_tree": {
        "HIT1": 0.3376358695652174,
        "HIT3": 0.4620800395256917,
        "HIT10": 0.6401926877470355,
        "MR": 71.23666007905139,
        "MRR": 0.43375568926621016
    }
}