{
    "DE_TransE": {
        "HIT1": 0.2848937747035573,
        "HIT3": 0.36116600790513836,
        "HIT10": 0.4664649209486166,
        "MR": 388.8233695652174,
        "MRR": 0.3454368322688525
    },
    "DE_SimplE": {
        "HIT1": 0.2680953557312253,
        "HIT3": 0.34689970355731226,
        "HIT10": 0.45053112648221344,
        "MR": 492.96671195652175,
        "MRR": 0.32914221189797305
    },
    "DE_DistMult": {
        "HIT1": 0.2571022727272727,
        "HIT3": 0.3388092885375494,
        "HIT10": 0.4344120553359684,
        "MR": 549.5763957509881,
        "MRR": 0.31761179008125884
    },
    "TERO": {
        "HIT1": 0.3408473320158103,
        "HIT3": 0.46337697628458496,
        "HIT10": 0.6201828063241107,
        "MR": 184.8721590909091,
        "MRR": 0.4321049576664691
    },
    "ATISE": {
        "HIT1": 0.3100296442687747,
        "HIT3": 0.45071640316205536,
        "HIT10": 0.5982583992094862,
        "MR": 225.6833621541502,
        "MRR": 0.4074969343145885
    },
    "TimePlex": {
        "HIT1": 0.14212695795548227,
        "HIT3": 0.27328936521022257,
        "HIT10": 0.48829348722176424,
        "MR": 198.38549051937346,
        "MRR": 0.24997218526729445
    },
    "ensemble_naive_voting": {
        "HIT1": 0.2732831027667984,
        "HIT3": 0.3742588932806324,
        "HIT10": 0.45849802371541504,
        "MR": 368.27958250988144,
        "MRR": 0.3390930000851199
    },
    "ensemble_decision_tree": {
        "HIT1": 0.06960227272727272,
        "HIT3": 0.32485177865612647,
        "HIT10": 0.42737154150197626,
        "MR": 426.6211709486166,
        "MRR": 0.21849882897405654
    }
}