{
    "DE_TransE": {
        "MP": 1003.5004992511233,
        "MRP": 0.007111505611586566
    },
    "DE_SimplE": {
        "MP": 966.9663005491763,
        "MRP": 0.007465761798553388
    },
    "DE_DistMult": {
        "MP": 978.2433849226161,
        "MRP": 0.007035067552552755
    },
    "TERO": {
        "MP": 89.99750374438342,
        "MRP": 0.02344375348439798
    },
    "ATISE": {
        "MP": 119.61133300049926,
        "MRP": 0.05995555795608152
    },
    "AVG": {
        "MP": 617.2930604093859,
        "MRP": 0.0019705632801962163
    }
}