{
    "DE_TransE": {
        "MP": 1003.5004992511233,
        "MRP": 0.007111505611586566
    },
    "DE_SimplE": {
        "MP": 966.9663005491763,
        "MRP": 0.007465761798553388
    },
    "DE_DistMult": {
        "MP": 978.2433849226161,
        "MRP": 0.007035067552552755
    },
    "TERO": {
        "MP": 89.99750374438342,
        "MRP": 0.02344375348439798
    },
    "ATISE": {
        "MP": 119.61133300049926,
        "MRP": 0.05995555795608152
    },
    "TimePlex": {
        "MP": 21.901573819635274,
        "MRP": 0.39293254938563366
    },
    "AVG": {
        "MP": 513.8277583624563,
        "MRP": 0.0023609954618570724
    }
}