{
    "DE_TransE": {
        "HIT1": 0.2853889709502708,
        "HIT3": 0.36152141802067944,
        "HIT10": 0.46658050221565733,
        "MR": 388.7124569177745,
        "MRR": 0.3458092977226949
    },
    "DE_SimplE": {
        "HIT1": 0.26717134416543575,
        "HIT3": 0.3457040866568193,
        "HIT10": 0.44897833579517477,
        "MR": 494.44313146233384,
        "MRR": 0.3280116851527744
    },
    "DE_DistMult": {
        "HIT1": 0.2563392417528311,
        "HIT3": 0.3377646479566716,
        "HIT10": 0.43303791235844413,
        "MR": 549.5534835056623,
        "MRR": 0.31666826511758944
    },
    "TERO": {
        "HIT1": 0.34139586410635153,
        "HIT3": 0.46387247661250613,
        "HIT10": 0.6203225012309207,
        "MR": 184.49261447562776,
        "MRR": 0.43256429161623894
    },
    "ATISE": {
        "HIT1": 0.3093919251600197,
        "HIT3": 0.4495937961595273,
        "HIT10": 0.5967503692762186,
        "MR": 226.12758493353027,
        "MRR": 0.40655087054162753
    }
}