{
    "DE_TransE": {
        "HIT1": 0.2848937747035573,
        "HIT3": 0.36116600790513836,
        "HIT10": 0.4664649209486166,
        "MR": 388.8233695652174,
        "MRR": 0.3454368322688525
    },
    "DE_SimplE": {
        "HIT1": 0.2680953557312253,
        "HIT3": 0.34689970355731226,
        "HIT10": 0.45053112648221344,
        "MR": 492.96671195652175,
        "MRR": 0.32914221189797305
    },
    "DE_DistMult": {
        "HIT1": 0.2571022727272727,
        "HIT3": 0.3388092885375494,
        "HIT10": 0.4344120553359684,
        "MR": 549.5763957509881,
        "MRR": 0.31761179008125884
    },
    "TERO": {
        "HIT1": 0.3336833003952569,
        "HIT3": 0.45818922924901184,
        "HIT10": 0.6164772727272727,
        "MR": 185.4512104743083,
        "MRR": 0.4265464109674305
    },
    "ATISE": {
        "HIT1": 0.30842391304347827,
        "HIT3": 0.44750494071146246,
        "HIT10": 0.5960968379446641,
        "MR": 226.28013833992094,
        "MRR": 0.405772500989539
    },
    "TimePlex": {
        "HIT1": 0.14212695795548227,
        "HIT3": 0.27328936521022257,
        "HIT10": 0.48829348722176424,
        "MR": 198.38549051937346,
        "MRR": 0.24997218526729445
    },
    "ensemble_naive_voting": {
        "HIT1": 0.3317070158102767,
        "HIT3": 0.44608448616600793,
        "HIT10": 0.5935029644268774,
        "MR": 80.70837450592886,
        "MRR": 0.41912967045798977
    },
    "ensemble_decision_tree": {
        "HIT1": 0.3376358695652174,
        "HIT3": 0.4620800395256917,
        "HIT10": 0.6401926877470355,
        "MR": 71.23666007905139,
        "MRR": 0.43375568926621016
    },
    "ablation_overall": {
        "HIT1": 0.33782114624505927,
        "HIT3": 0.462203557312253,
        "HIT10": 0.6419219367588933,
        "MR": 70.18107707509881,
        "MRR": 0.43488712747572356
    },
    "ablation_property": {
        "HIT1": 0.337203557312253,
        "HIT3": 0.4616477272727273,
        "HIT10": 0.6391427865612648,
        "MR": 71.5350790513834,
        "MRR": 0.43312873598806517
    },
    "ablation_false_property": {
        "HIT1": 0.3360918972332016,
        "HIT3": 0.45874505928853754,
        "HIT10": 0.6333374505928854,
        "MR": 73.07800148221344,
        "MRR": 0.4309058976077559
    },
    "ablation_time_density": {
        "HIT1": 0.3389945652173913,
        "HIT3": 0.4644268774703557,
        "HIT10": 0.6424160079051383,
        "MR": 71.03853754940711,
        "MRR": 0.4353220358446918
    },
    "ablation_target": {
        "HIT1": 0.33695652173913043,
        "HIT3": 0.4618947628458498,
        "HIT10": 0.6388339920948617,
        "MR": 71.91705780632411,
        "MRR": 0.43291827886276046
    },
    "ablation_no_property": {
        "HIT1": 0.33337450592885376,
        "HIT3": 0.4559041501976285,
        "HIT10": 0.6279026679841897,
        "MR": 75.04773962450592,
        "MRR": 0.42792485414162
    },
    "ablation_one_forth_property": {
        "HIT1": 0.3359683794466403,
        "HIT3": 0.4588685770750988,
        "HIT10": 0.6336462450592886,
        "MR": 73.00475543478261,
        "MRR": 0.43098719955693904
    },
    "ablation_only_property": {
        "HIT1": 0.33887104743083,
        "HIT3": 0.4636240118577075,
        "HIT10": 0.644824604743083,
        "MR": 70.46825592885375,
        "MRR": 0.4362136470497052
    },
    "ablation_only_target": {
        "HIT1": 0.33924160079051385,
        "HIT3": 0.4652915019762846,
        "HIT10": 0.6441452569169961,
        "MR": 71.34195899209486,
        "MRR": 0.4364198377651326
    },
    "ablation_only_overall": {
        "HIT1": 0.3332509881422925,
        "HIT3": 0.4497900197628458,
        "HIT10": 0.5941205533596838,
        "MR": 116.09158843873517,
        "MRR": 0.4211424854770915
    },
    "ablation_only_time_density": {
        "HIT1": 0.32917490118577075,
        "HIT3": 0.44423171936758893,
        "HIT10": 0.590723814229249,
        "MR": 81.76605731225297,
        "MRR": 0.41681178429618526
    }
}