{
    "DE_TransE": {
        "HIT1": 0.2853889709502708,
        "HIT3": 0.36152141802067944,
        "HIT10": 0.46658050221565733,
        "MR": 388.7124569177745,
        "MRR": 0.3458092977226949
    },
    "DE_SimplE": {
        "HIT1": 0.26717134416543575,
        "HIT3": 0.3457040866568193,
        "HIT10": 0.44897833579517477,
        "MR": 494.44313146233384,
        "MRR": 0.3280116851527744
    }
}