{
    "DE_TransE": 1003.5004992511233,
    "DE_SimplE": 966.9663005491763,
    "DE_DistMult": 978.2433849226161,
    "TERO": {
        "BEST": 76.92985521717424,
        "WORST": 102.53419870194708
    },
    "ATISE": {
        "BEST": 85.39291063404893,
        "WORST": 153.2508736894658
    },
    "TimePlex": 21.89665501747379
}