{
    "DE_TransE": 1003.5004992511233,
    "DE_SimplE": 966.9663005491763,
    "DE_DistMult": 978.2433849226161
}