{
    "dense": {
        "DE_TransE": {
            "HIT1": 0.3691148775894539,
            "HIT3": 0.4500941619585687,
            "HIT10": 0.583804143126177,
            "MR": 122.88888888888889,
            "MRR": 0.43825853569306017
        },
        "DE_SimplE": {
            "HIT1": 0.34808537350910235,
            "HIT3": 0.4406779661016949,
            "HIT10": 0.5690521029504081,
            "MR": 259.2787193973635,
            "MRR": 0.4220800870286325
        },
        "DE_DistMult": {
            "HIT1": 0.3317639673571877,
            "HIT3": 0.423728813559322,
            "HIT10": 0.5495919648462021,
            "MR": 337.50094161958566,
            "MRR": 0.4047364609261736
        },
        "TERO": {
            "HIT1": 0.3879472693032015,
            "HIT3": 0.4896421845574388,
            "HIT10": 0.6129943502824858,
            "MR": 181.5982423101067,
            "MRR": 0.46421940676655893
        },
        "ATISE": {
            "HIT1": 0.36409290646578785,
            "HIT3": 0.4839924670433145,
            "HIT10": 0.5963590709353421,
            "MR": 103.793157564344,
            "MRR": 0.44797991949697735
        },
        "TimePlex": {
            "HIT1": 0.11958568738229755,
            "HIT3": 0.24858757062146894,
            "HIT10": 0.45605775266792214,
            "MR": 248.32674199623352,
            "MRR": 0.22479903923912728
        }
    },
    "dense_time_predictions": {
        "DE_TransE": {
            "HIT1": 0.0,
            "HIT3": 0.0009416195856873823,
            "HIT10": 0.003766478342749529,
            "MR": 1274.4990583804142,
            "MRR": 0.0029656545171864194
        },
        "DE_SimplE": {
            "HIT1": 0.0,
            "HIT3": 0.0018832391713747645,
            "HIT10": 0.00847457627118644,
            "MR": 1010.3832391713747,
            "MRR": 0.00477840868830418
        },
        "DE_DistMult": {
            "HIT1": 0.0009416195856873823,
            "HIT3": 0.0018832391713747645,
            "HIT10": 0.007532956685499058,
            "MR": 1065.4661016949153,
            "MRR": 0.004359045566407963
        },
        "TERO": {
            "HIT1": 0.15254237288135594,
            "HIT3": 0.3041431261770245,
            "HIT10": 0.6129943502824858,
            "MR": 127.71939736346516,
            "MRR": 0.2875846408046297
        },
        "ATISE": {
            "HIT1": 0.10828625235404897,
            "HIT3": 0.2947269303201507,
            "HIT10": 0.5612052730696798,
            "MR": 537.1487758945386,
            "MRR": 0.2406762101147861
        },
        "TimePlex": {
            "HIT1": 0.11629001883239172,
            "HIT3": 0.2843691148775895,
            "HIT10": 0.5621468926553672,
            "MR": 27.285310734463277,
            "MRR": 0.25473928582806454
        }
    },
    "dense_head_relation_tail_predictions": {
        "DE_TransE": {
            "HIT1": 0.3691148775894539,
            "HIT3": 0.4500941619585687,
            "HIT10": 0.583804143126177,
            "MR": 122.88888888888889,
            "MRR": 0.43825853569306017
        },
        "DE_SimplE": {
            "HIT1": 0.34808537350910235,
            "HIT3": 0.4406779661016949,
            "HIT10": 0.5690521029504081,
            "MR": 259.2787193973635,
            "MRR": 0.4220800870286325
        },
        "DE_DistMult": {
            "HIT1": 0.3317639673571877,
            "HIT3": 0.423728813559322,
            "HIT10": 0.5495919648462021,
            "MR": 337.50094161958566,
            "MRR": 0.4047364609261736
        },
        "TERO": {
            "HIT1": 0.3879472693032015,
            "HIT3": 0.4896421845574388,
            "HIT10": 0.6129943502824858,
            "MR": 181.5982423101067,
            "MRR": 0.46421940676655893
        },
        "ATISE": {
            "HIT1": 0.36409290646578785,
            "HIT3": 0.4839924670433145,
            "HIT10": 0.5963590709353421,
            "MR": 103.793157564344,
            "MRR": 0.44797991949697735
        },
        "TimePlex": {
            "HIT1": 0.12429378531073447,
            "HIT3": 0.23069679849340866,
            "HIT10": 0.3983050847457627,
            "MR": 357.67278719397365,
            "MRR": 0.21169044294765563
        }
    },
    "sparse": {
        "DE_TransE": {
            "HIT1": 0.40978593272171254,
            "HIT3": 0.5382262996941896,
            "HIT10": 0.6856948691811077,
            "MR": 101.75637104994904,
            "MRR": 0.5027631392933182
        },
        "DE_SimplE": {
            "HIT1": 0.38803941556235133,
            "HIT3": 0.5161399932042134,
            "HIT10": 0.6622494053686714,
            "MR": 352.0866462793068,
            "MRR": 0.47910385588980975
        },
        "DE_DistMult": {
            "HIT1": 0.3754672103295956,
            "HIT3": 0.507305470608223,
            "HIT10": 0.6394835202174651,
            "MR": 423.8888888888889,
            "MRR": 0.46603470029171873
        },
        "TERO": {
            "HIT1": 0.43051308188922865,
            "HIT3": 0.5783214407067618,
            "HIT10": 0.7223921168875297,
            "MR": 142.21814475025485,
            "MRR": 0.5298722874030285
        },
        "ATISE": {
            "HIT1": 0.4026503567787971,
            "HIT3": 0.5840978593272171,
            "HIT10": 0.7196738022426096,
            "MR": 123.54774040095141,
            "MRR": 0.5169860967620777
        },
        "TimePlex": {
            "HIT1": 0.18076792388718993,
            "HIT3": 0.3234794427454978,
            "HIT10": 0.5538566089024805,
            "MR": 161.9704383282365,
            "MRR": 0.29393400875375303
        }
    },
    "sparse_time_predictions": {
        "DE_TransE": {
            "HIT1": 0.0010193679918450561,
            "HIT3": 0.0030581039755351682,
            "HIT10": 0.0163098878695209,
            "MR": 1050.2782874617737,
            "MRR": 0.00696206526854812
        },
        "DE_SimplE": {
            "HIT1": 0.0,
            "HIT3": 0.0,
            "HIT10": 0.0020387359836901123,
            "MR": 983.7349643221203,
            "MRR": 0.003379194812896044
        },
        "DE_DistMult": {
            "HIT1": 0.0,
            "HIT3": 0.0010193679918450561,
            "HIT10": 0.011213047910295617,
            "MR": 1003.474006116208,
            "MRR": 0.004397658989357225
        },
        "TERO": {
            "HIT1": 0.18450560652395515,
            "HIT3": 0.2650356778797146,
            "HIT10": 0.46381243628950053,
            "MR": 466.2191641182467,
            "MRR": 0.25922278349103905
        },
        "ATISE": {
            "HIT1": 0.12640163098878696,
            "HIT3": 0.18552497451580022,
            "HIT10": 0.3567787971457696,
            "MR": 641.7900101936799,
            "MRR": 0.188627746448106
        },
        "TimePlex": {
            "HIT1": 0.07492354740061162,
            "HIT3": 0.1600407747196738,
            "HIT10": 0.4087665647298675,
            "MR": 69.21763506625892,
            "MRR": 0.16915203180820773
        }
    },
    "sparse_head_relation_tail_predictions": {
        "DE_TransE": {
            "HIT1": 0.40978593272171254,
            "HIT3": 0.5382262996941896,
            "HIT10": 0.6856948691811077,
            "MR": 101.75637104994904,
            "MRR": 0.5027631392933182
        },
        "DE_SimplE": {
            "HIT1": 0.38803941556235133,
            "HIT3": 0.5161399932042134,
            "HIT10": 0.6622494053686714,
            "MR": 352.0866462793068,
            "MRR": 0.47910385588980975
        },
        "DE_DistMult": {
            "HIT1": 0.3754672103295956,
            "HIT3": 0.507305470608223,
            "HIT10": 0.6394835202174651,
            "MR": 423.8888888888889,
            "MRR": 0.46603470029171873
        },
        "TERO": {
            "HIT1": 0.43051308188922865,
            "HIT3": 0.5783214407067618,
            "HIT10": 0.7223921168875297,
            "MR": 142.21814475025485,