{
    "dense": {
        "DE_TransE": {
            "HIT1": 0.3702803435423756,
            "HIT3": 0.45130448873764384,
            "HIT10": 0.5840220385674931,
            "MR": 126.41938097553071,
            "MRR": 0.43973613471789436
        },
        "DE_SimplE": {
            "HIT1": 0.34548695511262356,
            "HIT3": 0.4375303840544482,
            "HIT10": 0.5694376924323449,
            "MR": 281.5702479338843,
            "MRR": 0.4196060245334559
        },
        "DE_DistMult": {
            "HIT1": 0.33041646410630365,
            "HIT3": 0.42391832766164317,
            "HIT10": 0.5483714146815751,
            "MR": 356.1949440933398,
            "MRR": 0.40283767298725254
        }
    },
    "sparse": {
        "DE_TransE": {
            "HIT1": 0.38754917051479393,
            "HIT3": 0.5060714896528135,
            "HIT10": 0.6493928510347187,
            "MR": 110.90182999828973,
            "MRR": 0.47554646857042343
        },
        "DE_SimplE": {
            "HIT1": 0.36788096459722935,
            "HIT3": 0.4836668376945442,
            "HIT10": 0.6251068924234651,
            "MR": 354.3658286300667,
            "MRR": 0.4530716935698338
        },
        "DE_DistMult": {
            "HIT1": 0.35351462288353,
            "HIT3": 0.4763126389601505,
            "HIT10": 0.6023601847101078,
            "MR": 412.4903369249188,
            "MRR": 0.4393235153018293
        }
    }
}