{
    "dense": {
        "DE_TransE": {
            "HIT1": 0.3691148775894539,
            "HIT3": 0.4500941619585687,
            "HIT10": 0.583804143126177,
            "MR": 122.88888888888889,
            "MRR": 0.43825853569306017
        },
        "DE_SimplE": {
            "HIT1": 0.34808537350910235,
            "HIT3": 0.4406779661016949,
            "HIT10": 0.5690521029504081,
            "MR": 259.2787193973635,
            "MRR": 0.4220800870286325
        },
        "DE_DistMult": {
            "HIT1": 0.3317639673571877,
            "HIT3": 0.423728813559322,
            "HIT10": 0.5495919648462021,
            "MR": 337.50094161958566,
            "MRR": 0.4047364609261736
        },
        "TERO": {
            "HIT1": 0.3879472693032015,
            "HIT3": 0.4896421845574388,
            "HIT10": 0.6129943502824858,
            "MR": 181.5982423101067,
            "MRR": 0.46421940676655893
        },
        "ATISE": {
            "HIT1": 0.36409290646578785,
            "HIT3": 0.4839924670433145,
            "HIT10": 0.5963590709353421,
            "MR": 103.793157564344,
            "MRR": 0.44797991949697735
        },
        "TimePlex": {
            "HIT1": 0.11958568738229755,
            "HIT3": 0.24858757062146894,
            "HIT10": 0.45605775266792214,
            "MR": 248.32674199623352,
            "MRR": 0.22479903923912728
        }
    },
    "sparse": {
        "DE_TransE": {
            "HIT1": 0.40978593272171254,
            "HIT3": 0.5382262996941896,
            "HIT10": 0.6856948691811077,
            "MR": 101.75637104994904,
            "MRR": 0.5027631392933182
        },
        "DE_SimplE": {
            "HIT1": 0.38803941556235133,
            "HIT3": 0.5161399932042134,
            "HIT10": 0.6622494053686714,
            "MR": 352.0866462793068,
            "MRR": 0.47910385588980975
        },
        "DE_DistMult": {
            "HIT1": 0.3754672103295956,
            "HIT3": 0.507305470608223,
            "HIT10": 0.6394835202174651,
            "MR": 423.8888888888889,
            "MRR": 0.46603470029171873
        },
        "TERO": {
            "HIT1": 0.43051308188922865,
            "HIT3": 0.5783214407067618,
            "HIT10": 0.7223921168875297,
            "MR": 142.21814475025485,
            "MRR": 0.5298722874030285
        },
        "ATISE": {
            "HIT1": 0.4026503567787971,
            "HIT3": 0.5840978593272171,
            "HIT10": 0.7196738022426096,
            "MR": 123.54774040095141,
            "MRR": 0.5169860967620777
        },
        "TimePlex": {
            "HIT1": 0.18076792388718993,
            "HIT3": 0.3234794427454978,
            "HIT10": 0.5538566089024805,
            "MR": 161.9704383282365,
            "MRR": 0.29393400875375303
        }
    }
}