{
    "DE_TransE": {
        "HIT1": 0.09230345334313005,
        "HIT3": 0.3055841293166789,
        "HIT10": 0.47409992652461425,
        "MR": 90.4332659808964,
        "MRR": 0.23042552133398808
    },
    "DE_SimplE": {
        "HIT1": 0.24443423952975754,
        "HIT3": 0.3842946362968406,
        "HIT10": 0.5238060249816312,
        "MR": 122.22553269654665,
        "MRR": 0.3409968099009897
    },
    "TERO": {
        "HIT1": 0.28185157972079355,
        "HIT3": 0.44105437178545187,
        "HIT10": 0.5977957384276268,
        "MR": 105.25495958853784,
        "MRR": 0.3894496934877669
    },
    "ATISE": {
        "HIT1": 0.18789493019838355,
        "HIT3": 0.35249816311535637,
        "HIT10": 0.5338905216752388,
        "MR": 141.65349008082293,
        "MRR": 0.30275271720861785
    }
}