{
    "DE_TransE": {
        "HIT1": 0.09230345334313005,
        "HIT3": 0.3055841293166789,
        "HIT10": 0.47409992652461425,
        "MR": 90.4332659808964,
        "MRR": 0.23042552133398808
    },
    "DE_SimplE": {
        "HIT1": 0.24443423952975754,
        "HIT3": 0.3842946362968406,
        "HIT10": 0.5238060249816312,
        "MR": 122.22553269654665,
        "MRR": 0.3409968099009897
    }
}