{
    "DE_TransE": {
        "HIT1": 0.09181343770384866,
        "HIT3": 0.16748206131767776,
        "HIT10": 0.2946836268754077,
        "MR": 969.1973255055447,
        "MRR": 0.1600322415080232
    },
    "DE_SimplE": {
        "HIT1": 0.09197651663405088,
        "HIT3": 0.15737116764514025,
        "HIT10": 0.2793542074363992,
        "MR": 1160.4130789302021,
        "MRR": 0.15417392324803428
    }
}