{
    "DE_TransE": {
        "HIT1": 0.3345713861239043,
        "HIT3": 0.4645482302386068,
        "HIT10": 0.6563748637849619,
        "MR": 969.1973255055447,
        "MRR": 0.47637480141086996
    },
    "DE_SimplE": {
        "HIT1": 0.37922339889056983,
        "HIT3": 0.49121913973021125,
        "HIT10": 0.6725559481743227,
        "MR": 1160.4130789302021,
        "MRR": 0.5115558444938128
    }
}