{
    "DE_TransE": {
        "HIT1": 0.8708414872798435,
        "HIT3": 0.9678734507501631,
        "HIT10": 0.9892367906066536,
        "MR": 1.3827462491846054,
        "MRR": 0.9218881599136685
    },
    "DE_SimplE": {
        "HIT1": 0.7524461839530333,
        "HIT3": 0.8455642530984997,
        "HIT10": 0.9168297455968689,
        "MR": 2.9192759295499022,
        "MRR": 0.8120719789834734
    },
    "TERO": {
        "HIT1": 0.9249836921069797,
        "HIT3": 0.9784735812133072,
        "HIT10": 0.9861382909328115,
        "MR": 1.452870189171559,
        "MRR": 0.9529896000218229
    },
    "ATISE": {
        "HIT1": 0.8760600130463144,
        "HIT3": 0.9853228962818004,
        "HIT10": 0.9916829745596869,
        "MR": 1.4099804305283756,
        "MRR": 0.9300308442835398
    }
}