{
    "DE_TransE": {
        "HIT1": 3.173376912791561,
        "HIT3": 2.6846092954879563,
        "HIT10": 2.203414456956048,
        "MR": 1.3827462491846054,
        "MRR": 2.744223819922492
    },
    "DE_SimplE": {
        "HIT1": 3.102370146243066,
        "HIT3": 2.639348434716213,
        "HIT10": 2.2073027090694937,
        "MR": 2.9192759295499022,
        "MRR": 2.6944904705468673
    }
}