{
    "DE_TransE": {
        "HIT1": 0.8708414872798435,
        "HIT3": 0.9678734507501631,
        "HIT10": 0.9892367906066536,
        "MR": 1.3827462491846054,
        "MRR": 0.9218881599136685
    },
    "DE_SimplE": {
        "HIT1": 0.7524461839530333,
        "HIT3": 0.8455642530984997,
        "HIT10": 0.9168297455968689,
        "MR": 2.9192759295499022,
        "MRR": 0.8120719789834734
    }
}