{
    "DE_TransE": {
        "HIT1": 0.4344079631555489,
        "HIT3": 0.7997285988917787,
        "HIT10": 1.0853614239011986,
        "MR": 573.5916503587737,
        "MRR": 0.7195933878217056
    },
    "DE_SimplE": {
        "HIT1": 0.515716927214658,
        "HIT3": 0.8648511071519471,
        "HIT10": 1.1040439733019238,
        "MR": 996.5138617090672,
        "MRR": 0.7786132510527087
    }
}