{
    "DE_TransE": {
        "HIT1": 0.11921069797782126,
        "HIT3": 0.2883235485975212,
        "HIT10": 0.487279843444227,
        "MR": 573.5916503587737,
        "MRR": 0.24173852707237695
    },
    "DE_SimplE": {
        "HIT1": 0.12508153946510112,
        "HIT3": 0.2770711024135682,
        "HIT10": 0.45857795172863663,
        "MR": 996.5138617090672,
        "MRR": 0.23466032281672947
    }
}