{
    "DE_TransE": {
        "HIT1": 0.015818656229615133,
        "HIT3": 0.01842791911285062,
        "HIT10": 0.024624918460534898,
        "MR": 1352.970971950424,
        "MRR": 0.020091757176631874
    },
    "DE_SimplE": {
        "HIT1": 0.0006523157208088715,
        "HIT3": 0.0014677103718199608,
        "HIT10": 0.0066862361382909324,
        "MR": 1011.2876712328767,
        "MRR": 0.0046233366409017046
    }
}