{
    "DE_TransE": {
        "HIT1": 0.015818656229615133,
        "HIT3": 0.01842791911285062,
        "HIT10": 0.024624918460534898,
        "MR": 1352.970971950424,
        "MRR": 0.020091757176631874
    },
    "DE_SimplE": {
        "HIT1": 0.0006523157208088715,
        "HIT3": 0.0014677103718199608,
        "HIT10": 0.0066862361382909324,
        "MR": 1011.2876712328767,
        "MRR": 0.0046233366409017046
    },
    "TERO": {
        "HIT1": 0.5265818656229615,
        "HIT3": 0.7111872146118722,
        "HIT10": 0.8352902804957599,
        "MR": 80.90720808871494,
        "MRR": 0.6388898627366323
    },
    "ATISE": {
        "HIT1": 0.35437051532941943,
        "HIT3": 0.5309849967384214,
        "HIT10": 0.7074363992172211,
        "MR": 247.06865622961513,
        "MRR": 0.46980049178075195
    }
}