{
    "DE_TransE": {
        "HIT1": 0.057643737928985285,
        "HIT3": 0.051113875381657806,
        "HIT10": 0.0548492553577915,
        "MR": 1352.970971950424,
        "MRR": 0.059807990844979696
    },
    "DE_SimplE": {
        "HIT1": 0.002689527651706169,
        "HIT3": 0.0045813184016289124,
        "HIT10": 0.01609736945425991,
        "MR": 1011.2876712328767,
        "MRR": 0.015340433906651681
    }
}