{
    "DE_TransE": {
        "HIT1": 0.001625487646293888,
        "HIT3": 0.09362808842652796,
        "HIT10": 0.15962288686605983,
        "MR": 1898.7994148244472,
        "MRR": 0.06598500048947091
    },
    "DE_SimplE": {
        "HIT1": 0.06697009102730819,
        "HIT3": 0.08615084525357607,
        "HIT10": 0.1306892067620286,
        "MR": 2724.3377763329,
        "MRR": 0.0910450302298716
    }
}