{
    "DE_TransE": {
        "HIT1": 0.0077881619937694695,
        "HIT3": 0.30023455824863177,
        "HIT10": 0.4205567451820129,
        "MR": 1898.7994148244472,
        "MRR": 0.24111626010358206
    },
    "DE_SimplE": {
        "HIT1": 0.40234375,
        "HIT3": 0.39478584729981375,
        "HIT10": 0.3799621928166352,
        "MR": 2724.3377763329,
        "MRR": 0.4283868571649329
    }
}