{
    "DE_TransE": {
        "HIT1": 0.7899869960988296,
        "HIT3": 0.9476592977893368,
        "HIT10": 1.0,
        "MR": 1.4635890767230169,
        "MRR": 0.8732498916341577
    },
    "DE_SimplE": {
        "HIT1": 0.5156046814044213,
        "HIT3": 0.6420676202860858,
        "HIT10": 1.0,
        "MR": 3.470416124837451,
        "MRR": 0.6221168235391219
    }
}