{
    "DE_TransE": {
        "HIT1": 0.7899869960988296,
        "HIT3": 0.9476592977893368,
        "HIT10": 1.0,
        "MR": 1.4635890767230169,
        "MRR": 0.8732498916341577
    },
    "DE_SimplE": {
        "HIT1": 0.5156046814044213,
        "HIT3": 0.6420676202860858,
        "HIT10": 1.0,
        "MR": 3.470416124837451,
        "MRR": 0.6221168235391219
    },
    "TERO": {
        "HIT1": 0.5266579973992198,
        "HIT3": 0.6427178153446034,
        "HIT10": 0.7990897269180754,
        "MR": 4.977243172951885,
        "MRR": 0.6165239751613752
    },
    "ATISE": {
        "HIT1": 0.6479193758127438,
        "HIT3": 0.8000650195058517,
        "HIT10": 0.91222366710013,
        "MR": 2.826397919375813,
        "MRR": 0.7494652308968521
    }
}