{
    "DE_TransE": {
        "HIT1": 3.7850467289719623,
        "HIT3": 3.038832421162366,
        "HIT10": 2.634689507494647,
        "MR": 1.4635890767230169,
        "MRR": 3.1909486465834638
    },
    "DE_SimplE": {
        "HIT1": 3.0976562499999996,
        "HIT3": 2.9422718808193666,
        "HIT10": 2.907372400756144,
        "MR": 3.470416124837451,
        "MRR": 2.927196247312745
    }
}