{
    "DE_TransE": {
        "HIT1": 0.2024922118380062,
        "HIT3": 0.6452958040135522,
        "HIT10": 0.9130620985010707,
        "MR": 1479.9379063719116,
        "MRR": 0.5482476160778594
    },
    "DE_SimplE": {
        "HIT1": 0.49609375,
        "HIT3": 0.6525139664804469,
        "HIT10": 0.6975425330812854,
        "MR": 2870.608257477243,
        "MRR": 0.6250774886611196
    }
}