{
    "DE_TransE": {
        "HIT1": 0.04226267880364109,
        "HIT3": 0.20123537061118335,
        "HIT10": 0.34655396618985695,
        "MR": 1479.9379063719116,
        "MRR": 0.15003600005950565
    },
    "DE_SimplE": {
        "HIT1": 0.08257477243172952,
        "HIT3": 0.1423927178153446,
        "HIT10": 0.2399219765929779,
        "MR": 2870.608257477243,
        "MRR": 0.13284767704545358
    },
    "TERO": {
        "HIT1": 0.12906371911573472,
        "HIT3": 0.22561768530559168,
        "HIT10": 0.3706111833550065,
        "MR": 1348.2893368010402,
        "MRR": 0.2080882949555633
    },
    "ATISE": {
        "HIT1": 0.11378413524057217,
        "HIT3": 0.19993498049414823,
        "HIT10": 0.33550065019505854,
        "MR": 837.6303641092328,
        "MRR": 0.18365436889087297
    }
}