{
    "DE_TransE": {
        "HIT1": 0.04226267880364109,
        "HIT3": 0.20123537061118335,
        "HIT10": 0.34655396618985695,
        "MR": 1479.9379063719116,
        "MRR": 0.15003600005950565
    },
    "DE_SimplE": {
        "HIT1": 0.08257477243172952,
        "HIT3": 0.1423927178153446,
        "HIT10": 0.2399219765929779,
        "MR": 2870.608257477243,
        "MRR": 0.13284767704545358
    }
}