{
    "DE_TransE": {
        "HIT1": 0.0009752925877763329,
        "HIT3": 0.004876462938881665,
        "HIT10": 0.012028608582574773,
        "MR": 2044.9713914174251,
        "MRR": 0.005387766857512553
    },
    "DE_SimplE": {
        "HIT1": 0.0006501950585175553,
        "HIT3": 0.0022756827048114434,
        "HIT10": 0.005201560468140442,
        "MR": 1392.928478543563,
        "MRR": 0.00411020285253353
    },
    "TERO": {
        "HIT1": 0.14726918075422626,
        "HIT3": 0.2181404421326398,
        "HIT10": 0.3511053315994798,
        "MR": 605.5432379713914,
        "MRR": 0.20698514239639496
    },
    "ATISE": {
        "HIT1": 0.04843953185955787,
        "HIT3": 0.09232769830949285,
        "HIT10": 0.18823146944083224,
        "MR": 1226.7044863459037,
        "MRR": 0.08955133687896336
    }
}