{
    "DE_TransE": {
        "HIT1": 0.004672897196261682,
        "HIT3": 0.015637216575449572,
        "HIT10": 0.03169164882226981,
        "MR": 2044.9713914174251,
        "MRR": 0.019687477235083854
    },
    "DE_SimplE": {
        "HIT1": 0.00390625,
        "HIT3": 0.010428305400372439,
        "HIT10": 0.015122873345935728,
        "MR": 1392.928478543563,
        "MRR": 0.019339406861215824
    }
}