{
    "DE_TransE": {
        "HIT1": 0.0009752925877763329,
        "HIT3": 0.004876462938881665,
        "HIT10": 0.012028608582574773,
        "MR": 2044.9713914174251,
        "MRR": 0.005387766857512553
    },
    "DE_SimplE": {
        "HIT1": 0.0006501950585175553,
        "HIT3": 0.0022756827048114434,
        "HIT10": 0.005201560468140442,
        "MR": 1392.928478543563,
        "MRR": 0.00411020285253353
    }
}