{
    "DE_TransE": {
        "HIT1": 0.0013003901170351106,
        "HIT3": 0.09557867360208062,
        "HIT10": 0.15799739921976594,
        "MR": 1877.678478543563,
        "MRR": 0.0654146268614607
    },
    "DE_SimplE": {
        "HIT1": 0.0698959687906372,
        "HIT3": 0.0887516254876463,
        "HIT10": 0.12971391417425226,
        "MR": 2568.8023407022106,
        "MRR": 0.09324680041983448
    }
}