{
    "DE_TransE": {
        "HIT1": 0.0013003901170351106,
        "HIT3": 0.09557867360208062,
        "HIT10": 0.15799739921976594,
        "MR": 1877.678478543563,
        "MRR": 0.0654146268614607
    },
    "DE_SimplE": {
        "HIT1": 0.0698959687906372,
        "HIT3": 0.0887516254876463,
        "HIT10": 0.12971391417425226,
        "MR": 2568.8023407022106,
        "MRR": 0.09324680041983448
    },
    "TERO": {
        "HIT1": 0.08680104031209362,
        "HIT3": 0.11540962288686606,
        "HIT10": 0.18335500650195058,
        "MR": 1809.3871911573472,
        "MRR": 0.11929283069012821
    },
    "ATISE": {
        "HIT1": 0.07899869960988297,
        "HIT3": 0.10273081924577374,
        "HIT10": 0.16319895968790638,
        "MR": 1890.684655396619,
        "MRR": 0.10744684004886963
    }
}