{
    "DE_TransE": {
        "HIT1": 0.006316620607974733,
        "HIT3": 0.30577223088923555,
        "HIT10": 0.4163632469479546,
        "MR": 1877.678478543563,
        "MRR": 0.24030457556372992
    },
    "DE_SimplE": {
        "HIT1": 0.42322834645669294,
        "HIT3": 0.40295202952029524,
        "HIT10": 0.37606032045240334,
        "MR": 2568.8023407022106,
        "MRR": 0.4366461286800253
    }
}