{
    "DE_TransE": {
        "HIT1": 0.7838101430429129,
        "HIT3": 0.9463589076723017,
        "HIT10": 1.0,
        "MR": 1.4613133940182055,
        "MRR": 0.869817661568312
    },
    "DE_SimplE": {
        "HIT1": 0.5068270481144344,
        "HIT3": 0.6485695708712613,
        "HIT10": 1.0,
        "MR": 3.3745123537061117,
        "MRR": 0.6224977810803526
    }
}