{
    "DE_TransE": {
        "HIT1": 0.7838101430429129,
        "HIT3": 0.9463589076723017,
        "HIT10": 1.0,
        "MR": 1.4613133940182055,
        "MRR": 0.869817661568312
    },
    "DE_SimplE": {
        "HIT1": 0.5068270481144344,
        "HIT3": 0.6485695708712613,
        "HIT10": 1.0,
        "MR": 3.3745123537061117,
        "MRR": 0.6224977810803526
    },
    "TERO": {
        "HIT1": 0.4723667100130039,
        "HIT3": 0.6524707412223667,
        "HIT10": 0.8013654096228868,
        "MR": 4.742522756827048,
        "MRR": 0.5937145459898716
    },
    "ATISE": {
        "HIT1": 0.6524707412223667,
        "HIT3": 0.8550065019505851,
        "HIT10": 0.9190507152145644,
        "MR": 2.6235370611183355,
        "MRR": 0.7688568564988466
    }
}