{
    "DE_TransE": {
        "HIT1": 3.80734307145677,
        "HIT3": 3.0275611024440976,
        "HIT10": 2.6352538016705935,
        "MR": 1.4613133940182055,
        "MRR": 3.195327620284187
    },
    "DE_SimplE": {
        "HIT1": 3.068897637795276,
        "HIT3": 2.944649446494465,
        "HIT10": 2.899151743638077,
        "MR": 3.3745123537061117,
        "MRR": 2.914965929091815
    }
}