{
    "DE_TransE": {
        "HIT1": 0.1800236873272799,
        "HIT3": 0.6531461258450338,
        "HIT10": 0.9149710858856287,
        "MR": 1460.2376462938882,
        "MRR": 0.5434411025540528
    },
    "DE_SimplE": {
        "HIT1": 0.5019685039370079,
        "HIT3": 0.6420664206642067,
        "HIT10": 0.705937794533459,
        "MR": 2758.2854356306893,
        "MRR": 0.6257860612640815
    }
}