{
    "DE_TransE": {
        "HIT1": 0.03706111833550065,
        "HIT3": 0.20416124837451236,
        "HIT10": 0.3472041612483745,
        "MR": 1460.2376462938882,
        "MRR": 0.14793308392634577
    },
    "DE_SimplE": {
        "HIT1": 0.08289986996098829,
        "HIT3": 0.14141742522756828,
        "HIT10": 0.24349804941482445,
        "MR": 2758.2854356306893,
        "MRR": 0.13363807469587557
    }
}