{
    "DE_TransE": {
        "HIT1": 0.0013003901170351106,
        "HIT3": 0.0042262678803641094,
        "HIT10": 0.012678803641092327,
        "MR": 2037.8839401820546,
        "MRR": 0.005696572249049672
    },
    "DE_SimplE": {
        "HIT1": 0.0009752925877763329,
        "HIT3": 0.0022756827048114434,
        "HIT10": 0.006501950585175552,
        "MR": 1384.3198959687907,
        "MRR": 0.004826684458969692
    }
}