{
    "DE_TransE": {
        "HIT1": 0.006316620607974733,
        "HIT3": 0.013520540821632865,
        "HIT10": 0.03341186549582352,
        "MR": 2037.8839401820546,
        "MRR": 0.020926701598025996
    },
    "DE_SimplE": {
        "HIT1": 0.005905511811023622,
        "HIT3": 0.010332103321033211,
        "HIT10": 0.01885014137606032,
        "MR": 1384.3198959687907,
        "MRR": 0.02260188096406643
    }
}