{
    "DE_TransE": {
        "HIT1": 0.09430565760470243,
        "HIT3": 0.3107457751653196,
        "HIT10": 0.4795738427626745,
        "MR": 89.4672850844967,
        "MRR": 0.23351335311939853
    },
    "DE_SimplE": {
        "HIT1": 0.24810800881704628,
        "HIT3": 0.38844599559147686,
        "HIT10": 0.5286737692872887,
        "MR": 121.72026083761939,
        "MRR": 0.3446017913340443
    },
    "TERO": {
        "HIT1": 0.2876561351947098,
        "HIT3": 0.4517634092578986,
        "HIT10": 0.6019654665686995,
        "MR": 104.98071271124174,
        "MRR": 0.39603174484044346
    },
    "ATISE": {
        "HIT1": 0.18767450404114622,
        "HIT3": 0.34551800146950773,
        "HIT10": 0.529096252755327,
        "MR": 140.31914033798677,
        "MRR": 0.30038277616839176
    }
}